source_id,period,metric,unit,value,note
S10,2023,rooms_total,тыс. номеров,18.2,
S10,2024,rooms_total,тыс. номеров,18.5,
S10,2025,rooms_total,тыс. номеров,19.3,
S10,2026-H1,rooms_total,тыс. номеров,19.6,на 30.06.2026
S10,2026,rooms_total,тыс. номеров,20.0,прогноз IBC
S10,2023,new_rooms,тыс. номеров,0.4,
S10,2024,new_rooms,тыс. номеров,0.3,
S10,2025,new_rooms,тыс. номеров,0.8,
S10,2026-H1,new_rooms,тыс. номеров,0.3,на 30.06.2026
S10,2026,new_rooms,тыс. номеров,0.7,прогноз IBC
S10,2023,occupancy,%,61.0,
S10,2024,occupancy,%,66.0,
S10,2025,occupancy,%,65.0,
S10,2026-01..05,occupancy,%,56.0,январь–май 2026
S10,2026,occupancy,%,61.0,прогноз IBC
S10,2023,adr,тыс. руб.,7.5,
S10,2024,adr,тыс. руб.,8.4,
S10,2025,adr,тыс. руб.,9.3,
S10,2026-01..05,adr,тыс. руб.,8.0,январь–май 2026
S10,2026,adr,тыс. руб.,9.9,прогноз IBC
S10,2023,revpar,тыс. руб.,4.6,
S10,2024,revpar,тыс. руб.,5.5,
S10,2025,revpar,тыс. руб.,6.0,
S10,2026-01..05,revpar,тыс. руб.,4.5,январь–май 2026
S10,2026,revpar,тыс. руб.,6.0,прогноз IBC
