source_id,rank,region,federal_district,placed_mln,change_pct
S13,0,Россия,,34.2,6
S13,1,Москва,ЦФО,5.2,7
S13,2,Краснодарский край,ЮФО,3.2,-4
S13,3,Московская область,ЦФО,2.7,22
S13,4,Санкт-Петербург,СЗФО,2.6,0
S13,5,Республика Татарстан,ПФО,1.2,16
S13,6,Республика Крым,ЮФО,0.9,-1
S13,7,Свердловская область,УФО,0.9,20
S13,8,Тюменская область,УФО,0.8,5
S13,9,Ростовская область,ЮФО,0.7,32
S13,10,Ставропольский край,СКФО,0.6,-5
S13,11,Нижегородская область,ПФО,0.6,0
S13,12,Новосибирская область,СФО,0.6,-5
S13,13,Ленинградская область,СЗФО,0.5,-2
S13,14,Челябинская область,УФО,0.5,17
S13,15,Самарская область,ПФО,0.5,15
S13,16,Иркутская область,СФО,0.5,8
S13,17,Красноярский край,СФО,0.5,2
S13,18,Республика Башкортостан,ПФО,0.5,5
S13,19,Приморский край,ДФО,0.4,11
S13,20,Тюменская область*,УФО,0.4,8
