source_id,city,period,segment,occupancy_pct,adr_thousand_rub
S13,Санкт-Петербург,2024-H1,Экономичный,61.0,3.3
S13,Санкт-Петербург,2025-H1,Экономичный,61.0,3.5
S13,Санкт-Петербург,2026-H1,Экономичный,52.0,4.1
S13,Санкт-Петербург,2024-H1,Среднеценовой,60.0,4.4
S13,Санкт-Петербург,2025-H1,Среднеценовой,63.0,5.0
S13,Санкт-Петербург,2026-H1,Среднеценовой,60.0,5.4
S13,Санкт-Петербург,2024-H1,Верхний предел среднеценового,67.0,6.2
S13,Санкт-Петербург,2025-H1,Верхний предел среднеценового,64.0,7.3
S13,Санкт-Петербург,2026-H1,Верхний предел среднеценового,63.0,7.4
S13,Санкт-Петербург,2024-H1,Высокий,62.0,8.5
S13,Санкт-Петербург,2025-H1,Высокий,66.0,9.6
S13,Санкт-Петербург,2026-H1,Высокий,64.0,10.0
S13,Санкт-Петербург,2024-H1,Верхний предел высокого,51.0,14.2
S13,Санкт-Петербург,2025-H1,Верхний предел высокого,56.0,16.8
S13,Санкт-Петербург,2026-H1,Верхний предел высокого,54.0,17.3
S13,Санкт-Петербург,2024-H1,Люксовый,48.0,38.1
S13,Санкт-Петербург,2025-H1,Люксовый,46.0,45.3
S13,Санкт-Петербург,2026-H1,Люксовый,48.0,48.8
S13,Санкт-Петербург,2024-H1,Рынок в целом,60.0,8.1
S13,Санкт-Петербург,2025-H1,Рынок в целом,62.0,9.5
S13,Санкт-Петербург,2026-H1,Рынок в целом,59.0,10.3
S13,Москва,2024-H1,Экономичный,73.0,4.6
S13,Москва,2025-H1,Экономичный,66.0,4.7
S13,Москва,2026-H1,Экономичный,62.0,4.9
S13,Москва,2024-H1,Среднеценовой,75.0,6.7
S13,Москва,2025-H1,Среднеценовой,76.0,7.2
S13,Москва,2026-H1,Среднеценовой,76.0,7.0
S13,Москва,2024-H1,Верхний предел среднеценового,77.0,9.8
S13,Москва,2025-H1,Верхний предел среднеценового,77.0,10.6
S13,Москва,2026-H1,Верхний предел среднеценового,76.0,9.8
S13,Москва,2024-H1,Высокий,71.0,12.8
S13,Москва,2025-H1,Высокий,68.0,14.5
S13,Москва,2026-H1,Высокий,65.0,13.1
S13,Москва,2024-H1,Верхний предел высокого,72.0,16.0
S13,Москва,2025-H1,Верхний предел высокого,68.0,18.4
S13,Москва,2026-H1,Верхний предел высокого,67.0,17.0
S13,Москва,2024-H1,Люксовый,56.0,33.9
S13,Москва,2025-H1,Люксовый,50.0,42.3
S13,Москва,2026-H1,Люксовый,42.0,42.3
S13,Москва,2024-H1,Рынок в целом,73.0,10.1
S13,Москва,2025-H1,Рынок в целом,71.0,11.1
S13,Москва,2026-H1,Рынок в целом,69.0,10.4
