source_id,location,revpar_change_pct,ibc_group
S13,"Сочи, Побережье",-27,снижение RevPAR
S13,Пермь,-19,снижение RevPAR
S13,Кемерово,-12,снижение RevPAR
S13,Астрахань,-11,снижение RevPAR
S13,Калининград,-6,снижение RevPAR
S13,Москва,-9,снижение RevPAR
S13,Нижний Новгород,-6,снижение RevPAR
S13,"Сочи, Горы",-7,снижение RevPAR
S13,Омск,4,стабилизация (±5%)
S13,Ярославль,-2,стабилизация (±5%)
S13,Владивосток,2,стабилизация (±5%)
S13,Иркутск,-3,стабилизация (±5%)
S13,Екатеринбург,1,стабилизация (±5%)
S13,Новосибирск,-4,стабилизация (±5%)
S13,Казань,1,стабилизация (±5%)
S13,Воронеж,-5,стабилизация (±5%)
S13,Московская обл.,-1,стабилизация (±5%)
S13,Волгоград,-5,стабилизация (±5%)
S13,Санкт-Петербург,-1,стабилизация (±5%)
S13,Самара,-5,стабилизация (±5%)
S13,Тобольск,13,замедление роста
S13,Тюмень,10,замедление роста
S13,Ленинградская обл.,10,замедление роста
S13,Республика Алтай,8,замедление роста
S13,Великий Новгород,6,замедление роста
S13,Киров,21,уверенный рост
