group,check,expected,actual,diff,status,note
A: выдача vs PDF,S1 2025 occupancy,63.7,63.7,0.0,ок,
A: выдача vs PDF,S1 2025 adr,8496,8496.0,0.0,ок,
A: выдача vs PDF,S1 2025 revpar,5412,5412.0,0.0,ок,
A: выдача vs PDF,"S1 2025 rooms_total (выдача: 24,9 тыс.)",24.9,24.9,0.0,ок,
A: выдача vs PDF,"S1 2025 доля апарт-отелей, % (выдача: 37%)",37,37,0,ок,
B: арифметика,S1 2024: фонд = гостиницы + апарт,23795.0,23795.0,0.0,ок,
B: арифметика,S1 2024: ввод = гостиницы + апарт,1124.0,1124.0,0.0,ок,
B: арифметика,S1 2024: RevPAR = ADR × загрузка,4994.78,4995.0,0.22,ок,
B: арифметика,S1 2025: фонд = гостиницы + апарт,24902.0,24902.0,0.0,ок,
B: арифметика,S1 2025: ввод = гостиницы + апарт,1293.0,1293.0,0.0,ок,
B: арифметика,S1 2025: RevPAR = ADR × загрузка,5411.95,5412.0,0.05,ок,
B: арифметика,S2 2024-H1: фонд = гостиницы + апарт,23184.0,23184.0,0.0,ок,
B: арифметика,S2 2024-H1: ввод = гостиницы + апарт,701.0,701.0,0.0,ок,
B: арифметика,S2 2024-H1: RevPAR = ADR × загрузка,4727.2,4727.0,-0.2,ок,
B: арифметика,S2 2025-H1: фонд = гостиницы + апарт,24185.0,24185.0,0.0,ок,
B: арифметика,S2 2025-H1: ввод = гостиницы + апарт,150.0,150.0,0.0,ок,
B: арифметика,S2 2025-H1: RevPAR = ADR × загрузка,5422.54,5426.0,3.46,ок,
B: арифметика,S3 2023: фонд = гостиницы + апарт,22940.0,22940.0,0.0,ок,
B: арифметика,S3 2023: ввод = гостиницы + апарт,2494.0,2494.0,0.0,ок,
B: арифметика,S3 2023: RevPAR = ADR × загрузка,4290.6,4291.0,0.4,ок,
B: арифметика,S3 2024: фонд = гостиницы + апарт,24038.0,24038.0,0.0,ок,
B: арифметика,S3 2024: ввод = гостиницы + апарт,1098.0,1098.0,0.0,ок,
B: арифметика,S3 2024: RevPAR = ADR × загрузка,4920.27,4920.0,-0.27,ок,
B: арифметика,S9 2022: фонд = гостиницы + апарт,21031.0,21031.0,0.0,ок,
B: арифметика,S9 2022: ввод = гостиницы + апарт,2201.0,2201.0,0.0,ок,
B: арифметика,S9 2022: RevPAR = ADR × загрузка,2934.36,2935.0,0.64,ок,
B: арифметика,S9 2023: фонд = гостиницы + апарт,23275.0,23275.0,0.0,ок,
B: арифметика,S9 2023: ввод = гостиницы + апарт,2244.0,2244.0,0.0,ок,
B: арифметика,S9 2023: RevPAR = ADR × загрузка,3806.07,3807.0,0.93,ок,
B: арифметика,S1 2025: динамика rooms_total (%),4.65,4.7,0.05,ок,напечатано в PDF vs пересчёт из значений
B: арифметика,S1 2025: динамика rooms_hotels (%),4.74,4.7,-0.04,ок,напечатано в PDF vs пересчёт из значений
B: арифметика,S1 2025: динамика rooms_apart (%),4.51,4.5,-0.01,ок,напечатано в PDF vs пересчёт из значений
B: арифметика,S1 2025: динамика new_rooms_total (%),15.04,15.0,-0.04,ок,напечатано в PDF vs пересчёт из значений
B: арифметика,S1 2025: динамика new_rooms_hotels (x),2.5,2.5,0.0,ок,напечатано в PDF vs пересчёт из значений
B: арифметика,S1 2025: динамика new_rooms_apart (%),-38.85,-38.9,-0.05,ок,напечатано в PDF vs пересчёт из значений
B: арифметика,S1 2025: динамика rooms_intl_operators (%),-3.67,-3.7,-0.03,ок,напечатано в PDF vs пересчёт из значений
B: арифметика,S1 2025: динамика rooms_ru_operators (%),3.75,3.8,0.05,ок,напечатано в PDF vs пересчёт из значений
B: арифметика,S1 2025: динамика occupancy (п.п.),-1.9,-1.9,-0.0,ок,напечатано в PDF vs пересчёт из значений
B: арифметика,S1 2025: динамика adr (%),11.58,11.6,0.02,ок,напечатано в PDF vs пересчёт из значений
B: арифметика,S1 2025: динамика revpar (%),8.35,8.3,-0.05,ок,напечатано в PDF vs пересчёт из значений
B: арифметика,S2 2025-H1: динамика rooms_total (%),4.32,4.3,-0.02,ок,напечатано в PDF vs пересчёт из значений
B: арифметика,S2 2025-H1: динамика rooms_hotels (%),0.21,0.2,-0.01,ок,напечатано в PDF vs пересчёт из значений
B: арифметика,S2 2025-H1: динамика rooms_apart (%),11.88,11.9,0.02,ок,напечатано в PDF vs пересчёт из значений
B: арифметика,S2 2025-H1: динамика new_rooms_total (%),-78.6,-76.6,2.0,расхождение,напечатано в PDF vs пересчёт из значений
B: арифметика,S2 2025-H1: динамика new_rooms_apart (%),-63.59,-63.6,-0.01,ок,напечатано в PDF vs пересчёт из значений
B: арифметика,S2 2025-H1: динамика rooms_ru_operators (%),4.08,4.1,0.02,ок,напечатано в PDF vs пересчёт из значений
B: арифметика,S2 2025-H1: динамика occupancy (п.п.),0.1,0.1,-0.0,ок,напечатано в PDF vs пересчёт из значений
B: арифметика,S2 2025-H1: динамика adr (%),14.52,14.5,-0.02,ок,напечатано в PDF vs пересчёт из значений
B: арифметика,S2 2025-H1: динамика revpar (%),14.79,14.8,0.01,ок,напечатано в PDF vs пересчёт из значений
B: арифметика,S3 2024: динамика rooms_total (%),4.79,4.8,0.01,ок,напечатано в PDF vs пересчёт из значений
B: арифметика,S3 2024: динамика rooms_hotels (%),2.16,2.2,0.04,ок,напечатано в PDF vs пересчёт из значений
B: арифметика,S3 2024: динамика rooms_apart (%),9.65,9.7,0.05,ок,напечатано в PDF vs пересчёт из значений
B: арифметика,S3 2024: динамика new_rooms_total (%),-55.97,-56.0,-0.03,ок,напечатано в PDF vs пересчёт из значений
B: арифметика,S3 2024: динамика new_rooms_hotels (%),56.59,56.6,0.01,ок,напечатано в PDF vs пересчёт из значений
B: арифметика,S3 2024: динамика new_rooms_apart (%),-66.06,-66.1,-0.04,ок,напечатано в PDF vs пересчёт из значений
B: арифметика,S3 2024: динамика rooms_intl_operators (%),4.9,4.9,-0.0,ок,напечатано в PDF vs пересчёт из значений
B: арифметика,S3 2024: динамика occupancy (п.п.),3.1,3.1,-0.0,ок,напечатано в PDF vs пересчёт из значений
B: арифметика,S3 2024: динамика adr (%),9.26,9.3,0.04,ок,напечатано в PDF vs пересчёт из значений
B: арифметика,S3 2024: динамика revpar (%),14.66,14.7,0.04,ок,напечатано в PDF vs пересчёт из значений
B: арифметика,S9 2023: динамика rooms_total (%),10.67,10.7,0.03,ок,напечатано в PDF vs пересчёт из значений
B: арифметика,S9 2023: динамика rooms_hotels (%),1.27,1.3,0.03,ок,напечатано в PDF vs пересчёт из значений
B: арифметика,S9 2023: динамика rooms_apart (%),33.23,33.2,-0.03,ок,напечатано в PDF vs пересчёт из значений
B: арифметика,S9 2023: динамика new_rooms_total (%),1.95,2.0,0.05,ок,напечатано в PDF vs пересчёт из значений
B: арифметика,S9 2023: динамика new_rooms_hotels (%),-37.42,-37.4,0.02,ок,напечатано в PDF vs пересчёт из значений
B: арифметика,S9 2023: динамика new_rooms_apart (%),8.21,8.2,-0.01,ок,напечатано в PDF vs пересчёт из значений
B: арифметика,S9 2023: динамика rooms_intl_operators (%),-76.43,-76.4,0.03,ок,напечатано в PDF vs пересчёт из значений
B: арифметика,S9 2023: динамика occupancy (п.п.),7.4,7.4,-0.0,ок,напечатано в PDF vs пересчёт из значений
B: арифметика,S9 2023: динамика adr (%),14.64,14.6,-0.04,ок,напечатано в PDF vs пересчёт из значений
B: арифметика,S9 2023: динамика revpar (%),29.71,29.7,-0.01,ок,напечатано в PDF vs пересчёт из значений
C: между обзорами,2024 rooms_total: S3 (отчёт за 2024) vs S1 (отчёт за 2025),24038.0,23795.0,-243.0,расхождение,значение 2024 г. пересмотрено в следующем отчёте
C: между обзорами,2024 rooms_hotels: S3 (отчёт за 2024) vs S1 (отчёт за 2025),15211.0,15057.0,-154.0,расхождение,значение 2024 г. пересмотрено в следующем отчёте
C: между обзорами,2024 rooms_apart: S3 (отчёт за 2024) vs S1 (отчёт за 2025),8827.0,8738.0,-89.0,расхождение,значение 2024 г. пересмотрено в следующем отчёте
C: между обзорами,2024 new_rooms_total: S3 (отчёт за 2024) vs S1 (отчёт за 2025),1098.0,1124.0,26.0,расхождение,значение 2024 г. пересмотрено в следующем отчёте
C: между обзорами,2024 new_rooms_hotels: S3 (отчёт за 2024) vs S1 (отчёт за 2025),321.0,321.0,0.0,ок,
C: между обзорами,2024 new_rooms_apart: S3 (отчёт за 2024) vs S1 (отчёт за 2025),777.0,803.0,26.0,расхождение,значение 2024 г. пересмотрено в следующем отчёте
C: между обзорами,2024 rooms_intl_operators: S3 (отчёт за 2024) vs S1 (отчёт за 2025),5416.0,6019.0,603.0,расхождение,значение 2024 г. пересмотрено в следующем отчёте
C: между обзорами,2024 occupancy: S3 (отчёт за 2024) vs S1 (отчёт за 2025),65.7,65.6,-0.1,расхождение,значение 2024 г. пересмотрено в следующем отчёте
C: между обзорами,2024 adr: S3 (отчёт за 2024) vs S1 (отчёт за 2025),7489.0,7614.0,125.0,расхождение,значение 2024 г. пересмотрено в следующем отчёте
C: между обзорами,2024 revpar: S3 (отчёт за 2024) vs S1 (отчёт за 2025),4920.0,4995.0,75.0,расхождение,значение 2024 г. пересмотрено в следующем отчёте
C: между обзорами,2023 rooms_total: S9 (отчёт за 2023) vs S3 (отчёт за 2024),23275.0,22940.0,-335.0,расхождение,значение 2023 г. пересмотрено в следующем отчёте
C: между обзорами,2023 rooms_hotels: S9 (отчёт за 2023) vs S3 (отчёт за 2024),15035.0,14890.0,-145.0,расхождение,значение 2023 г. пересмотрено в следующем отчёте
C: между обзорами,2023 rooms_apart: S9 (отчёт за 2023) vs S3 (отчёт за 2024),8240.0,8050.0,-190.0,расхождение,значение 2023 г. пересмотрено в следующем отчёте
C: между обзорами,2023 occupancy: S9 (отчёт за 2023) vs S3 (отчёт за 2024),63.7,62.6,-1.1,расхождение,значение 2023 г. пересмотрено в следующем отчёте
C: между обзорами,2023 adr: S9 (отчёт за 2023) vs S3 (отчёт за 2024),5975.0,6854.0,879.0,расхождение,значение 2023 г. пересмотрено в следующем отчёте
C: между обзорами,2023 revpar: S9 (отчёт за 2023) vs S3 (отчёт за 2024),3807.0,4291.0,484.0,расхождение,значение 2023 г. пересмотрено в следующем отчёте
C: между обзорами,фонд гостиниц: S1 конец 2024 vs S2 конец I пол. 2025 (ввода не было),15057.0,15057.0,0.0,ок,
C: между обзорами,S1: rooms_hotels 2024 + ввод 2025 vs rooms_hotels 2025,15859.0,15770.0,-89.0,расхождение,"−89 = закрытие «Талион Империал Отель» (89 ном., ноябрь 2025, S1 с. 3)"
C: между обзорами,S1: rooms_apart 2024 + ввод 2025 vs rooms_apart 2025,9229.0,9132.0,-97.0,расхождение,причина −97 в отчёте не указана
C: между обзорами,S1: rooms_total 2024 + ввод 2025 vs rooms_total 2025,25088.0,24902.0,-186.0,расхождение,−89 гостиницы и −97 апарт-отели
D: списки объектов,S1 2025: сумма по списку vs new_rooms_apart,491.0,469,-22.0,расхождение,"«Культ Отважных» (72 ном.) есть в S2, но нет в годовом списке S1"
D: списки объектов,S1 2025: сумма по списку vs new_rooms_hotels,802.0,802,0.0,ок,"«Культ Отважных» (72 ном.) есть в S2, но нет в годовом списке S1"
D: списки объектов,S2 2025-H1: сумма по списку vs new_rooms_apart,150.0,150,0.0,ок,"Ladozhsky Avenir и Vertical Club — 0 ном., ещё на классификации"
D: списки объектов,S3 2024: сумма по списку vs new_rooms_apart,777.0,623,-154.0,расхождение,в отчёте приведены только наиболее значимые апарт-отели (7 из 13)
D: списки объектов,S3 2024: сумма по списку vs new_rooms_hotels,321.0,321,0.0,ок,в отчёте приведены только наиболее значимые апарт-отели (7 из 13)
