source_id,report_period,period,period_type,metric,metric_name,unit,value,change_reported,change_unit
S1,2025,2025,год,rooms_total,Номерной фонд в качественных средствах размещения,номеров,24902,4.7,%
S1,2025,2024,год,rooms_total,Номерной фонд в качественных средствах размещения,номеров,23795,,
S1,2025,2025,год,rooms_hotels,Номерной фонд в гостиницах,номеров,15770,4.7,%
S1,2025,2024,год,rooms_hotels,Номерной фонд в гостиницах,номеров,15057,,
S1,2025,2025,год,rooms_apart,Номерной фонд в апарт-отелях,номеров,9132,4.5,%
S1,2025,2024,год,rooms_apart,Номерной фонд в апарт-отелях,номеров,8738,,
S1,2025,2025,год,new_rooms_total,Введено в эксплуатацию за период,номеров,1293,15.0,%
S1,2025,2024,год,new_rooms_total,Введено в эксплуатацию за период,номеров,1124,,
S1,2025,2025,год,new_rooms_hotels,Введено: гостиницы,номеров,802,2.5,x
S1,2025,2024,год,new_rooms_hotels,Введено: гостиницы,номеров,321,,
S1,2025,2025,год,new_rooms_apart,Введено: апарт-отели,номеров,491,-38.9,%
S1,2025,2024,год,new_rooms_apart,Введено: апарт-отели,номеров,803,,
S1,2025,2025,год,rooms_intl_operators,Номерной фонд под управлением международных операторов,номеров,5798,-3.7,%
S1,2025,2024,год,rooms_intl_operators,Номерной фонд под управлением международных операторов,номеров,6019,,
S1,2025,2025,год,rooms_ru_operators,Номерной фонд под управлением российских операторов,номеров,14358,3.8,%
S1,2025,2024,год,rooms_ru_operators,Номерной фонд под управлением российских операторов,номеров,13839,,
S1,2025,2025,год,occupancy,Средняя загрузка номерного фонда,%,63.7,-1.9,п.п.
S1,2025,2024,год,occupancy,Средняя загрузка номерного фонда,%,65.6,,
S1,2025,2025,год,adr,Средняя стоимость номера (ADR),руб./сутки,8496,11.6,%
S1,2025,2024,год,adr,Средняя стоимость номера (ADR),руб./сутки,7614,,
S1,2025,2025,год,revpar,Средний доход на номер (RevPAR),руб./сутки,5412,8.3,%
S1,2025,2024,год,revpar,Средний доход на номер (RevPAR),руб./сутки,4995,,
S2,2025-H1,2025-H1,полугодие,rooms_total,Номерной фонд в качественных средствах размещения,номеров,24185,4.3,%
S2,2025-H1,2024-H1,полугодие,rooms_total,Номерной фонд в качественных средствах размещения,номеров,23184,,
S2,2025-H1,2025-H1,полугодие,rooms_hotels,Номерной фонд в гостиницах,номеров,15057,0.2,%
S2,2025-H1,2024-H1,полугодие,rooms_hotels,Номерной фонд в гостиницах,номеров,15025,,
S2,2025-H1,2025-H1,полугодие,rooms_apart,Номерной фонд в апарт-отелях,номеров,9128,11.9,%
S2,2025-H1,2024-H1,полугодие,rooms_apart,Номерной фонд в апарт-отелях,номеров,8159,,
S2,2025-H1,2025-H1,полугодие,new_rooms_total,Введено в эксплуатацию за период,номеров,150,-76.6,%
S2,2025-H1,2024-H1,полугодие,new_rooms_total,Введено в эксплуатацию за период,номеров,701,,
S2,2025-H1,2025-H1,полугодие,new_rooms_hotels,Введено: гостиницы,номеров,0,,
S2,2025-H1,2024-H1,полугодие,new_rooms_hotels,Введено: гостиницы,номеров,289,,
S2,2025-H1,2025-H1,полугодие,new_rooms_apart,Введено: апарт-отели,номеров,150,-63.6,%
S2,2025-H1,2024-H1,полугодие,new_rooms_apart,Введено: апарт-отели,номеров,412,,
S2,2025-H1,2025-H1,полугодие,rooms_intl_operators,Номерной фонд под управлением международных операторов,номеров,5416,,
S2,2025-H1,2024-H1,полугодие,rooms_intl_operators,Номерной фонд под управлением международных операторов,номеров,5416,,
S2,2025-H1,2025-H1,полугодие,rooms_ru_operators,Номерной фонд под управлением российских операторов,номеров,14197,4.1,%
S2,2025-H1,2024-H1,полугодие,rooms_ru_operators,Номерной фонд под управлением российских операторов,номеров,13640,,
S2,2025-H1,2025-H1,полугодие,occupancy,Средняя загрузка номерного фонда,%,60.9,0.1,п.п.
S2,2025-H1,2024-H1,полугодие,occupancy,Средняя загрузка номерного фонда,%,60.8,,
S2,2025-H1,2025-H1,полугодие,adr,Средняя стоимость номера (ADR),руб./сутки,8904,14.5,%
S2,2025-H1,2024-H1,полугодие,adr,Средняя стоимость номера (ADR),руб./сутки,7775,,
S2,2025-H1,2025-H1,полугодие,revpar,Средний доход на номер (RevPAR),руб./сутки,5426,14.8,%
S2,2025-H1,2024-H1,полугодие,revpar,Средний доход на номер (RevPAR),руб./сутки,4727,,
S3,2024,2024,год,rooms_total,Номерной фонд в качественных средствах размещения,номеров,24038,4.8,%
S3,2024,2023,год,rooms_total,Номерной фонд в качественных средствах размещения,номеров,22940,,
S3,2024,2024,год,rooms_hotels,Номерной фонд в гостиницах,номеров,15211,2.2,%
S3,2024,2023,год,rooms_hotels,Номерной фонд в гостиницах,номеров,14890,,
S3,2024,2024,год,rooms_apart,Номерной фонд в апарт-отелях,номеров,8827,9.7,%
S3,2024,2023,год,rooms_apart,Номерной фонд в апарт-отелях,номеров,8050,,
S3,2024,2024,год,new_rooms_total,Введено в эксплуатацию за период,номеров,1098,-56.0,%
S3,2024,2023,год,new_rooms_total,Введено в эксплуатацию за период,номеров,2494,,
S3,2024,2024,год,new_rooms_hotels,Введено: гостиницы,номеров,321,56.6,%
S3,2024,2023,год,new_rooms_hotels,Введено: гостиницы,номеров,205,,
S3,2024,2024,год,new_rooms_apart,Введено: апарт-отели,номеров,777,-66.1,%
S3,2024,2023,год,new_rooms_apart,Введено: апарт-отели,номеров,2289,,
S3,2024,2024,год,rooms_intl_operators,Номерной фонд под управлением международных операторов,номеров,5416,4.9,%
S3,2024,2023,год,rooms_intl_operators,Номерной фонд под управлением международных операторов,номеров,5163,,
S3,2024,2024,год,occupancy,Средняя загрузка номерного фонда,%,65.7,3.1,п.п.
S3,2024,2023,год,occupancy,Средняя загрузка номерного фонда,%,62.6,,
S3,2024,2024,год,adr,Средняя стоимость номера (ADR),руб./сутки,7489,9.3,%
S3,2024,2023,год,adr,Средняя стоимость номера (ADR),руб./сутки,6854,,
S3,2024,2024,год,revpar,Средний доход на номер (RevPAR),руб./сутки,4920,14.7,%
S3,2024,2023,год,revpar,Средний доход на номер (RevPAR),руб./сутки,4291,,
S9,2023,2023,год,rooms_total,Номерной фонд в качественных средствах размещения,номеров,23275,10.7,%
S9,2023,2022,год,rooms_total,Номерной фонд в качественных средствах размещения,номеров,21031,,
S9,2023,2023,год,rooms_hotels,Номерной фонд в гостиницах,номеров,15035,1.3,%
S9,2023,2022,год,rooms_hotels,Номерной фонд в гостиницах,номеров,14846,,
S9,2023,2023,год,rooms_apart,Номерной фонд в апарт-отелях,номеров,8240,33.2,%
S9,2023,2022,год,rooms_apart,Номерной фонд в апарт-отелях,номеров,6185,,
S9,2023,2023,год,new_rooms_total,Введено в эксплуатацию за период,номеров,2244,2.0,%
S9,2023,2022,год,new_rooms_total,Введено в эксплуатацию за период,номеров,2201,,
S9,2023,2023,год,new_rooms_hotels,Введено: гостиницы,номеров,189,-37.4,%
S9,2023,2022,год,new_rooms_hotels,Введено: гостиницы,номеров,302,,
S9,2023,2023,год,new_rooms_apart,Введено: апарт-отели,номеров,2055,8.2,%
S9,2023,2022,год,new_rooms_apart,Введено: апарт-отели,номеров,1899,,
S9,2023,2023,год,rooms_intl_operators,Номерной фонд под управлением международных операторов,номеров,2025,-76.4,%
S9,2023,2022,год,rooms_intl_operators,Номерной фонд под управлением международных операторов,номеров,8592,,
S9,2023,2023,год,occupancy,Средняя загрузка номерного фонда,%,63.7,7.4,п.п.
S9,2023,2022,год,occupancy,Средняя загрузка номерного фонда,%,56.3,,
S9,2023,2023,год,adr,Средняя стоимость номера (ADR),руб./сутки,5975,14.6,%
S9,2023,2022,год,adr,Средняя стоимость номера (ADR),руб./сутки,5212,,
S9,2023,2023,год,revpar,Средний доход на номер (RevPAR),руб./сутки,3807,29.7,%
S9,2023,2022,год,revpar,Средний доход на номер (RevPAR),руб./сутки,2935,,
