year,month,adr_est,occupancy_label,source
2024,1,5995,49,"S1 с. 7, график"
2024,2,5160,52,"S1 с. 7, график"
2024,3,5133,56,"S1 с. 7, график"
2024,4,5884,65,"S1 с. 7, график"
2024,5,7706,70,"S1 с. 7, график"
2024,6,13589,79,"S1 с. 7, график"
2024,7,9097,82,"S1 с. 7, график"
2024,8,8443,81,"S1 с. 7, график"
2024,9,7400,73,"S1 с. 7, график"
2024,10,6287,69,"S1 с. 7, график"
2024,11,5814,62,"S1 с. 7, график"
2024,12,6579,54,"S1 с. 7, график"
2025,1,7094,49,"S1 с. 7, график"
2025,2,5981,51,"S1 с. 7, график"
2025,3,5759,56,"S1 с. 7, график"
2025,4,6551,65,"S1 с. 7, график"
2025,5,8958,66,"S1 с. 7, график"
2025,6,16037,76,"S1 с. 7, график"
2025,7,9876,79,"S1 с. 7, график"
2025,8,9041,75,"S1 с. 7, график"
2025,9,7664,66,"S1 с. 7, график"
2025,10,7163,67,"S1 с. 7, график"
2025,11,6482,58,"S1 с. 7, график"
2025,12,6996,53,"S1 с. 7, график"
