source_id,period,name,format,address,district,category,category_status,rooms,project_units,list_complete
S1,2025,SVET,Гостиница,"Просвещения пр-т., д. 83",Калининский,3,присвоена,802,,да
S1,2025,«Приоритет»,Апарт-отель,"Воскресенская наб., д. 32",Центральный,5,присвоена,8,8,да
S1,2025,LOOK,Апарт-отель,"Прилукская ул., д. 35",Фрунзенский,4,присвоена,70,151,да
S1,2025,HIDEOUT RESIDENCE (корпус 2),Апарт-отель,"Римского-Корсакова пр-т, д. 22",Адмиралтейский,4,присвоена,56,56,да
S1,2025,VIDI,Апарт-отель,"Херсонский пр-д, д. 6",Центральный,4,заявлена,40,410,да
S1,2025,«Проект 6/3»,Апарт-отель,"Провиантская ул., д. 3",Петроградский,4,заявлена,62,84,да
S1,2025,«Vertical Club Московская»,Апарт-отель,"Орджоникидзе ул., д. 44а",Московский,3,присвоена,99,774,да
S1,2025,Ladozhsky Avenir,Апарт-отель,"Энергетиков пр-т, д. 8, к. 2",Красногвардейский,3,заявлена,134,960,да
S2,2025-H1,«Приоритет»,Апарт-отель,"Воскресенская наб., д. 32",Центральный,5,присвоена,8,8,да
S2,2025-H1,LOOK,Апарт-отель,"Прилукская ул., д. 35",Фрунзенский,4,присвоена,70,151,да
S2,2025-H1,«Культ Отважных»,Апарт-отель,"Отважных ул., д. 10",Красносельский,3,присвоена,72,130,да
S2,2025-H1,Ladozhsky Avenir,Апарт-отель,"Энергетиков пр-т, д. 8, к. 2",Красногвардейский,3,заявлена,0,960,да
S2,2025-H1,«Vertical Club Московская»,Апарт-отель,"Орджоникидзе ул., д. 44а",Московский,3,заявлена,0,774,да
S3,2024,«Domina Пулково Отель»,Гостиница,"Пулковское ш., д. 14, стр. 7",Московский,5,присвоена,253,,да
S3,2024,Cosmos Selection Saint-Petersburg Italyanskaya,Гостиница,"Итальянская ул., д. 8а",Центральный,5,присвоена,23,,да
S3,2024,Villa du Prince,Гостиница,"Малой Невки реки наб., д. 11",Петроградский,5,присвоена,22,,да
S3,2024,Villa Mr. Pinky,Гостиница,"Люблинский пер., д. 9",Адмиралтейский,5,присвоена,13,,да
S3,2024,«Особняк Юргенса»,Гостиница,"Жуковского ул., д. 19",Центральный,4,присвоена,10,,да
S3,2024,«Гимназия №5»,Апарт-отель,"Римского-Корсакова пр-т, д. 73/33",Адмиралтейский,5,присвоена,45,45,нет
S3,2024,VALO Soul,Апарт-отель,"Салова ул., д. 61",Фрунзенский,4,присвоена,210,448,нет
S3,2024,«25/7 Заневский»,Апарт-отель,"Заневский пр-т, д. 65",Красногвардейский,4,присвоена,120,300,нет
S3,2024,izzziUP 4 COMMUNITY L&C,Апарт-отель,"Гороховая ул., д. 47в",Адмиралтейский,4,присвоена,90,90,нет
S3,2024,Artstudio M103,Апарт-отель,"Московский пр-т, д. 103",Московский,4,присвоена,80,458,нет
S3,2024,Well,Апарт-отель,"Обводного канала наб., д. 118",Адмиралтейский,3,присвоена,40,1231,нет
S3,2024,UNO,Апарт-отель,"Лиговский пр-т, д. 56",Центральный,3,заявлена,38,168,нет
