year,segment,start_rooms_est,intake_label,is_forecast,source
2016,hotels,11134,416,0,"S1 с. 3, график"
2017,hotels,11558,490,0,"S1 с. 3, график"
2018,hotels,12044,794,0,"S1 с. 3, график"
2019,hotels,12829,565,0,"S1 с. 3, график"
2020,hotels,13390,230,0,"S1 с. 3, график"
2021,hotels,13627,559,0,"S1 с. 3, график"
2022,hotels,14101,380,0,"S1 с. 3, график"
2023,hotels,14488,205,0,"S1 с. 3, график"
2024,hotels,14687,321,0,"S1 с. 3, график"
2025,hotels,15011,802,0,"S1 с. 3, график"
2026,hotels,15722,616,1,"S1 с. 3, график"
2016,apart,898,217,0,"S1 с. 4, график"
2017,apart,1114,0,0,"S1 с. 4, график"
2018,apart,1114,177,0,"S1 с. 4, график"
2019,apart,1293,118,0,"S1 с. 4, график"
2020,apart,1368,1933,0,"S1 с. 4, график"
2021,apart,3412,1357,0,"S1 с. 4, график"
2022,apart,4710,1384,0,"S1 с. 4, график"
2023,apart,6254,1579,0,"S1 с. 4, график"
2024,apart,7955,803,0,"S1 с. 4, график"
2025,apart,8656,491,0,"S1 с. 4, график"
2026,apart,9148,900,1,"S1 с. 4, график"
