region,level,year,rooms,guests
Российская Федерация,страна,2015,770353,49284209
Российская Федерация,страна,2016,794777,54430931
Российская Федерация,страна,2017,884279,61563204
Российская Федерация,страна,2018,975645,71538081
Российская Федерация,страна,2019,992601,76041739
Российская Федерация,страна,2020,977409,47382458
Российская Федерация,страна,2021,1027010,66539770
Российская Федерация,страна,2022,1058709,73093024
Российская Федерация,страна,2023,1117414,83578426
Российская Федерация,страна,2024,1151752,90068770
Российская Федерация,страна,2025,1242041,92042736
Центральный федеральный округ,федеральный округ,2015,159604,14539586
Центральный федеральный округ,федеральный округ,2016,182255,18291471
Центральный федеральный округ,федеральный округ,2017,192052,20704806
Центральный федеральный округ,федеральный округ,2018,223635,25378072
Центральный федеральный округ,федеральный округ,2019,223715,27092574
Центральный федеральный округ,федеральный округ,2020,211902,14829510
Центральный федеральный округ,федеральный округ,2021,228258,20152926
Центральный федеральный округ,федеральный округ,2022,236970,21370428
Центральный федеральный округ,федеральный округ,2023,259083,25321598
Центральный федеральный округ,федеральный округ,2024,271726,26908024
Центральный федеральный округ,федеральный округ,2025,294849,27913676
Белгородская область,субъект,2015,2758,162937
Белгородская область,субъект,2016,4134,254857
Белгородская область,субъект,2017,4883,294918
Белгородская область,субъект,2018,4939,323496
Белгородская область,субъект,2019,5120,337249
Белгородская область,субъект,2020,5207,216343
Белгородская область,субъект,2021,5177,322299
Белгородская область,субъект,2022,5219,298510
Белгородская область,субъект,2023,5220,283035
Белгородская область,субъект,2024,5174,270773
Белгородская область,субъект,2025,5088,308498
Брянская область,субъект,2015,2919,153439
Брянская область,субъект,2016,2792,182046
Брянская область,субъект,2017,3157,210727
Брянская область,субъект,2018,3392,235729
Брянская область,субъект,2019,3572,234468
Брянская область,субъект,2020,3571,141878
Брянская область,субъект,2021,3773,209330
Брянская область,субъект,2022,4067,230566
Брянская область,субъект,2023,4149,255240
Брянская область,субъект,2024,4173,259220
Брянская область,субъект,2025,4161,265145
Владимирская область,субъект,2015,7044,623747
Владимирская область,субъект,2016,6428,665913
Владимирская область,субъект,2017,6831,645797
Владимирская область,субъект,2018,6881,645772
Владимирская область,субъект,2019,7282,703667
Владимирская область,субъект,2020,7513,365885
Владимирская область,субъект,2021,7694,598668
Владимирская область,субъект,2022,8065,672070
Владимирская область,субъект,2023,8459,712355
Владимирская область,субъект,2024,8499,811461
Владимирская область,субъект,2025,9153,921722
Воронежская область,субъект,2015,8737,523350
Воронежская область,субъект,2016,8352,601484
Воронежская область,субъект,2017,8908,656814
Воронежская область,субъект,2018,8965,676736
Воронежская область,субъект,2019,9304,709286
Воронежская область,субъект,2020,8939,501151
Воронежская область,субъект,2021,9190,780996
Воронежская область,субъект,2022,9098,823249
Воронежская область,субъект,2023,9760,916802
Воронежская область,субъект,2024,10104,969693
Воронежская область,субъект,2025,10829,973466
Ивановская область,субъект,2015,3823,228845
Ивановская область,субъект,2016,3502,226434
Ивановская область,субъект,2017,4061,249942
Ивановская область,субъект,2018,3882,248944
Ивановская область,субъект,2019,3874,263357
Ивановская область,субъект,2020,3717,142205
Ивановская область,субъект,2021,4425,221032
Ивановская область,субъект,2022,3968,294155
Ивановская область,субъект,2023,3910,325018
Ивановская область,субъект,2024,3906,318048
Ивановская область,субъект,2025,3890,309272
Калужская область,субъект,2015,6875,520036
Калужская область,субъект,2016,7376,452147
Калужская область,субъект,2017,7238,525171
Калужская область,субъект,2018,7583,638756
Калужская область,субъект,2019,7905,602239
Калужская область,субъект,2020,7856,414674
Калужская область,субъект,2021,7574,550363
Калужская область,субъект,2022,7707,532524
Калужская область,субъект,2023,8024,567750
Калужская область,субъект,2024,8102,698577
Калужская область,субъект,2025,8538,731105
Костромская область,субъект,2015,2184,151560
Костромская область,субъект,2016,2857,245190
Костромская область,субъект,2017,2938,272037
Костромская область,субъект,2018,3234,292444
Костромская область,субъект,2019,3121,300566
Костромская область,субъект,2020,3095,271673
Костромская область,субъект,2021,3285,327786
Костромская область,субъект,2022,3324,349493
Костромская область,субъект,2023,3488,386881
Костромская область,субъект,2024,3588,383393
Костромская область,субъект,2025,3753,396500
Курская область,субъект,2015,2754,201535
Курская область,субъект,2016,2969,200619
Курская область,субъект,2017,3565,199779
Курская область,субъект,2018,3571,194974
Курская область,субъект,2019,3567,211152
Курская область,субъект,2020,3649,138625
Курская область,субъект,2021,3632,197002
Курская область,субъект,2022,3784,186117
Курская область,субъект,2023,3962,196153
Курская область,субъект,2024,4062,199693
Курская область,субъект,2025,4273,207880
Липецкая область,субъект,2015,2847,161440
Липецкая область,субъект,2016,3339,195518
Липецкая область,субъект,2017,4095,215605
Липецкая область,субъект,2018,4661,248913
Липецкая область,субъект,2019,4603,283409
Липецкая область,субъект,2020,4431,213258
Липецкая область,субъект,2021,4331,265090
Липецкая область,субъект,2022,3776,275465
Липецкая область,субъект,2023,4087,332865
Липецкая область,субъект,2024,4502,350393
Липецкая область,субъект,2025,4678,330373
Московская область,субъект,2015,38376,3895238
Московская область,субъект,2016,38029,3489234
Московская область,субъект,2017,37769,3477501
Московская область,субъект,2018,39941,4285941
Московская область,субъект,2019,46096,5024703
Московская область,субъект,2020,47756,3017204
Московская область,субъект,2021,55043,4546118
Московская область,субъект,2022,58057,5021128
Московская область,субъект,2023,62114,5767222
Московская область,субъект,2024,67095,6001256
Московская область,субъект,2025,74874,6374442
Орловская область,субъект,2015,1709,111297
Орловская область,субъект,2016,1656,111286
Орловская область,субъект,2017,2022,115743
Орловская область,субъект,2018,2247,128781
Орловская область,субъект,2019,2435,130079
Орловская область,субъект,2020,2527,87838
Орловская область,субъект,2021,2328,119653
Орловская область,субъект,2022,2361,151959
Орловская область,субъект,2023,2465,158258
Орловская область,субъект,2024,2507,179506
Орловская область,субъект,2025,2550,177411
Рязанская область,субъект,2015,3701,262665
Рязанская область,субъект,2016,4223,349784
Рязанская область,субъект,2017,4641,410131
Рязанская область,субъект,2018,4551,363520
Рязанская область,субъект,2019,4948,400170
Рязанская область,субъект,2020,4976,321490
Рязанская область,субъект,2021,4911,427394
Рязанская область,субъект,2022,5732,517089
Рязанская область,субъект,2023,5525,554168
Рязанская область,субъект,2024,5655,568179
Рязанская область,субъект,2025,5864,592948
Смоленская область,субъект,2015,3400,186548
Смоленская область,субъект,2016,3616,214360
Смоленская область,субъект,2017,3820,224621
Смоленская область,субъект,2018,3973,230507
Смоленская область,субъект,2019,4242,242197
Смоленская область,субъект,2020,4397,147501
Смоленская область,субъект,2021,4482,201653
Смоленская область,субъект,2022,4824,255294
Смоленская область,субъект,2023,4788,285829
Смоленская область,субъект,2024,4977,332282
Смоленская область,субъект,2025,5119,420754
Тамбовская область,субъект,2015,2756,171596
Тамбовская область,субъект,2016,2397,141718
Тамбовская область,субъект,2017,2603,174028
Тамбовская область,субъект,2018,2886,198540
Тамбовская область,субъект,2019,2920,185619
Тамбовская область,субъект,2020,2719,124587
Тамбовская область,субъект,2021,2943,182430
Тамбовская область,субъект,2022,3136,214738
Тамбовская область,субъект,2023,3524,219812
Тамбовская область,субъект,2024,3614,228660
Тамбовская область,субъект,2025,3746,247909
Тверская область,субъект,2015,6297,366045
Тверская область,субъект,2016,8287,426121
Тверская область,субъект,2017,9127,532888
Тверская область,субъект,2018,9359,553788
Тверская область,субъект,2019,9784,578269
Тверская область,субъект,2020,8891,492028
Тверская область,субъект,2021,10790,666632
Тверская область,субъект,2022,10967,707088
Тверская область,субъект,2023,11299,860791
Тверская область,субъект,2024,11853,871097
Тверская область,субъект,2025,13526,1003568
Тульская область,субъект,2015,5560,266590
Тульская область,субъект,2016,5692,307948
Тульская область,субъект,2017,6207,351245
Тульская область,субъект,2018,6088,414299
Тульская область,субъект,2019,6289,475029
Тульская область,субъект,2020,6413,306324
Тульская область,субъект,2021,6437,413685
Тульская область,субъект,2022,7052,506610
Тульская область,субъект,2023,7381,584009
Тульская область,субъект,2024,7553,647854
Тульская область,субъект,2025,9103,663017
Ярославская область,субъект,2015,7726,682829
Ярославская область,субъект,2016,7182,666383
Ярославская область,субъект,2017,8419,745521
Ярославская область,субъект,2018,8244,780516
Ярославская область,субъект,2019,8932,861432
Ярославская область,субъект,2020,8798,596644
Ярославская область,субъект,2021,8783,846574
Ярославская область,субъект,2022,8705,824089
Ярославская область,субъект,2023,8936,963056
Ярославская область,субъект,2024,9465,1074031
Ярославская область,субъект,2025,10156,1115018
г.Москва,субъект,2015,50138,5869889
г.Москва,субъект,2016,69424,9560429
г.Москва,субъект,2017,71768,11402338
г.Москва,субъект,2018,99238,14916416
г.Москва,субъект,2019,89721,15549683
г.Москва,субъект,2020,77447,7330202
г.Москва,субъект,2021,83460,9276221
г.Москва,субъект,2022,87128,9510284
г.Москва,субъект,2023,101992,11952354
г.Москва,субъект,2024,106897,12743908
г.Москва,субъект,2025,115548,12874648
Северо-Западный федеральный округ,федеральный округ,2015,72498,6740173
Северо-Западный федеральный округ,федеральный округ,2016,73939,7151884
Северо-Западный федеральный округ,федеральный округ,2017,86582,8889083
Северо-Западный федеральный округ,федеральный округ,2018,94772,10149720
Северо-Западный федеральный округ,федеральный округ,2019,97490,10585059
Северо-Западный федеральный округ,федеральный округ,2020,95793,6357675
Северо-Западный федеральный округ,федеральный округ,2021,103068,9142324
Северо-Западный федеральный округ,федеральный округ,2022,107817,10001542
Северо-Западный федеральный округ,федеральный округ,2023,116794,11677790
Северо-Западный федеральный округ,федеральный округ,2024,124646,12408139
Северо-Западный федеральный округ,федеральный округ,2025,141530,12875044
Республика Карелия,субъект,2015,3886,411624
Республика Карелия,субъект,2016,3823,420200
Республика Карелия,субъект,2017,4114,414589
Республика Карелия,субъект,2018,4377,461451
Республика Карелия,субъект,2019,4355,482817
Республика Карелия,субъект,2020,4362,388054
Республика Карелия,субъект,2021,4782,565486
Республика Карелия,субъект,2022,5237,600127
Республика Карелия,субъект,2023,5828,747158
Республика Карелия,субъект,2024,6138,749220
Республика Карелия,субъект,2025,6806,732711
Республика Коми,субъект,2015,3069,272178
Республика Коми,субъект,2016,3072,212520
Республика Коми,субъект,2017,3073,198436
Республика Коми,субъект,2018,3164,210755
Республика Коми,субъект,2019,3258,233373
Республика Коми,субъект,2020,3274,143713
Республика Коми,субъект,2021,3448,193762
Республика Коми,субъект,2022,2930,187306
Республика Коми,субъект,2023,3093,205411
Республика Коми,субъект,2024,2999,215099
Республика Коми,субъект,2025,3079,230402
Архангельская область,субъект,2015,4686,352793
Архангельская область,субъект,2016,4342,282116
Архангельская область,субъект,2017,4433,272148
Архангельская область,субъект,2018,5248,309576
Архангельская область,субъект,2019,5761,359794
Архангельская область,субъект,2020,5015,204529
Архангельская область,субъект,2021,5611,340256
Архангельская область,субъект,2022,5601,361800
Архангельская область,субъект,2023,5535,399775
Архангельская область,субъект,2024,5600,429298
Архангельская область,субъект,2025,5912,418042
Ненецкий автономный округ,субъект,2015,193,20993
Ненецкий автономный округ,субъект,2016,202,12669
Ненецкий автономный округ,субъект,2017,142,7636
Ненецкий автономный округ,субъект,2018,170,8936
Ненецкий автономный округ,субъект,2019,174,13018
Ненецкий автономный округ,субъект,2020,119,8331
Ненецкий автономный округ,субъект,2021,194,11722
Ненецкий автономный округ,субъект,2022,196,13586
Ненецкий автономный округ,субъект,2023,195,19765
Ненецкий автономный округ,субъект,2024,209,21451
Ненецкий автономный округ,субъект,2025,215,20293
Архангельская область (кроме Ненецкого автономного округа),субъект,2015,4493,331800
Архангельская область (кроме Ненецкого автономного округа),субъект,2016,4140,269447
Архангельская область (кроме Ненецкого автономного округа),субъект,2017,4291,264512
Архангельская область (кроме Ненецкого автономного округа),субъект,2018,5078,300640
Архангельская область (кроме Ненецкого автономного округа),субъект,2019,5587,346776
Архангельская область (кроме Ненецкого автономного округа),субъект,2020,4896,196198
Архангельская область (кроме Ненецкого автономного округа),субъект,2021,5417,328534
Архангельская область (кроме Ненецкого автономного округа),субъект,2022,5405,348214
Архангельская область (кроме Ненецкого автономного округа),субъект,2023,5340,380010
Архангельская область (кроме Ненецкого автономного округа),субъект,2024,5391,407847
Архангельская область (кроме Ненецкого автономного округа),субъект,2025,5697,397749
Вологодская область,субъект,2015,5317,412277
Вологодская область,субъект,2016,5009,382068
Вологодская область,субъект,2017,5729,455275
Вологодская область,субъект,2018,6043,502319
Вологодская область,субъект,2019,5821,477128
Вологодская область,субъект,2020,5543,282159
Вологодская область,субъект,2021,5793,371873
Вологодская область,субъект,2022,6098,464801
Вологодская область,субъект,2023,6363,554028
Вологодская область,субъект,2024,6656,601679
Вологодская область,субъект,2025,6523,554699
Калининградская область,субъект,2015,7488,535094
Калининградская область,субъект,2016,6704,520291
Калининградская область,субъект,2017,6928,549248
Калининградская область,субъект,2018,7886,627573
Калининградская область,субъект,2019,7723,655502
Калининградская область,субъект,2020,7682,528203
Калининградская область,субъект,2021,8540,832948
Калининградская область,субъект,2022,9895,770643
Калининградская область,субъект,2023,10107,898772
Калининградская область,субъект,2024,10674,1007796
Калининградская область,субъект,2025,12044,929430
Ленинградская область,субъект,2015,11503,635348
Ленинградская область,субъект,2016,8276,639689
Ленинградская область,субъект,2017,10439,739088
Ленинградская область,субъект,2018,12507,1064069
Ленинградская область,субъект,2019,14032,1170825
Ленинградская область,субъект,2020,13426,965662
Ленинградская область,субъект,2021,15507,1249649
Ленинградская область,субъект,2022,15756,1291933
Ленинградская область,субъект,2023,16282,1287285
Ленинградская область,субъект,2024,17455,1334560
Ленинградская область,субъект,2025,20363,1457319
Мурманская область,субъект,2015,3939,216444
Мурманская область,субъект,2016,3968,240127
Мурманская область,субъект,2017,5079,302185
Мурманская область,субъект,2018,4652,300004
Мурманская область,субъект,2019,3973,319580
Мурманская область,субъект,2020,4357,257260
Мурманская область,субъект,2021,4559,357490
Мурманская область,субъект,2022,4569,359662
Мурманская область,субъект,2023,5182,492213
Мурманская область,субъект,2024,5952,521782
Мурманская область,субъект,2025,6097,526584
Новгородская область,субъект,2015,3765,363055
Новгородская область,субъект,2016,4082,335453
Новгородская область,субъект,2017,3886,338768
Новгородская область,субъект,2018,4049,341297
Новгородская область,субъект,2019,4088,354106
Новгородская область,субъект,2020,4217,250362
Новгородская область,субъект,2021,4258,327821
Новгородская область,субъект,2022,4515,396966
Новгородская область,субъект,2023,4916,450645
Новгородская область,субъект,2024,5050,486546
Новгородская область,субъект,2025,5557,510112
Псковская область,субъект,2015,3826,371567
Псковская область,субъект,2016,3631,343788
Псковская область,субъект,2017,3687,374629
Псковская область,субъект,2018,3753,371802
Псковская область,субъект,2019,4009,426949
Псковская область,субъект,2020,4459,256953
Псковская область,субъект,2021,4204,368779
Псковская область,субъект,2022,4434,466090
Псковская область,субъект,2023,4334,450187
Псковская область,субъект,2024,4661,528685
Псковская область,субъект,2025,5161,546269
г.Санкт-Петербург,субъект,2015,25019,3169793
г.Санкт-Петербург,субъект,2016,31032,3775632
г.Санкт-Петербург,субъект,2017,39214,5244717
г.Санкт-Петербург,субъект,2018,43093,5960874
г.Санкт-Петербург,субъект,2019,44470,6104985
г.Санкт-Петербург,субъект,2020,43458,3080780
г.Санкт-Петербург,субъект,2021,46366,4534260
г.Санкт-Петербург,субъект,2022,48782,5102214
г.Санкт-Петербург,субъект,2023,55154,6192316
г.Санкт-Петербург,субъект,2024,59461,6533474
г.Санкт-Петербург,субъект,2025,69988,6969476
Южный федеральный округ,федеральный округ,2015,240991,9213178
Южный федеральный округ,федеральный округ,2016,242281,9529509
Южный федеральный округ,федеральный округ,2017,265289,10507549
Южный федеральный округ,федеральный округ,2018,300694,12678124
Южный федеральный округ,федеральный округ,2019,307043,13352607
Южный федеральный округ,федеральный округ,2020,302980,10060999
Южный федеральный округ,федеральный округ,2021,316075,13197371
Южный федеральный округ,федеральный округ,2022,322678,14566339
Южный федеральный округ,федеральный округ,2023,336800,15354663
Южный федеральный округ,федеральный округ,2024,333073,16834073
Южный федеральный округ,федеральный округ,2025,339904,15961198
Республика Адыгея,субъект,2015,1289,82159
Республика Адыгея,субъект,2016,1184,92358
Республика Адыгея,субъект,2017,1468,108356
Республика Адыгея,субъект,2018,1703,115987
Республика Адыгея,субъект,2019,1865,144066
Республика Адыгея,субъект,2020,1892,111616
Республика Адыгея,субъект,2021,1992,208672
Республика Адыгея,субъект,2022,2172,179969
Республика Адыгея,субъект,2023,2535,243731
Республика Адыгея,субъект,2024,3503,502958
Республика Адыгея,субъект,2025,3068,505257
Республика Калмыкия,субъект,2015,362,39829
Республика Калмыкия,субъект,2016,466,31655
Республика Калмыкия,субъект,2017,618,34891
Республика Калмыкия,субъект,2018,672,39524
Республика Калмыкия,субъект,2019,675,44570
Республика Калмыкия,субъект,2020,586,26195
Республика Калмыкия,субъект,2021,643,41795
Республика Калмыкия,субъект,2022,672,53619
Республика Калмыкия,субъект,2023,814,67310
Республика Калмыкия,субъект,2024,913,89808
Республика Калмыкия,субъект,2025,1091,91975
Республика Крым,субъект,2015,70803,1626224
Республика Крым,субъект,2016,69239,1700414
Республика Крым,субъект,2017,62383,1591251
Республика Крым,субъект,2018,64719,2083441
Республика Крым,субъект,2019,69458,2379554
Республика Крым,субъект,2020,73307,1941623
Республика Крым,субъект,2021,75248,2479712
Республика Крым,субъект,2022,74329,1860273
Республика Крым,субъект,2023,75152,1811770
Республика Крым,субъект,2024,74913,2082480
Республика Крым,субъект,2025,75347,2431173
Краснодарский край,субъект,2015,135829,5560263
Краснодарский край,субъект,2016,142034,5806246
Краснодарский край,субъект,2017,166433,6622783
Краснодарский край,субъект,2018,196406,8051025
Краснодарский край,субъект,2019,197328,8298619
Краснодарский край,субъект,2020,190547,6298412
Краснодарский край,субъект,2021,199665,8073926
Краснодарский край,субъект,2022,205596,9706606
Краснодарский край,субъект,2023,217532,9961066
Краснодарский край,субъект,2024,211144,10640168
Краснодарский край,субъект,2025,215222,9306208
Астраханская область,субъект,2015,4214,207980
Астраханская область,субъект,2016,5106,263938
Астраханская область,субъект,2017,6159,268238
Астраханская область,субъект,2018,6372,238389
Астраханская область,субъект,2019,6631,261101
Астраханская область,субъект,2020,6841,201250
Астраханская область,субъект,2021,6875,300264
Астраханская область,субъект,2022,7115,318255
Астраханская область,субъект,2023,7402,378078
Астраханская область,субъект,2024,8109,381838
Астраханская область,субъект,2025,8193,372014
Волгоградская область,субъект,2015,8964,512971
Волгоградская область,субъект,2016,9162,582862
Волгоградская область,субъект,2017,10634,616792
Волгоградская область,субъект,2018,11625,720005
Волгоградская область,субъект,2019,11016,707476
Волгоградская область,субъект,2020,10922,489039
Волгоградская область,субъект,2021,11337,729540
Волгоградская область,субъект,2022,11382,814529
Волгоградская область,субъект,2023,11375,990848
Волгоградская область,субъект,2024,11634,1028052
Волгоградская область,субъект,2025,12165,1118782
Ростовская область,субъект,2015,12685,883006
Ростовская область,субъект,2016,12863,925229
Ростовская область,субъект,2017,13822,1085962
Ростовская область,субъект,2018,14957,1262015
Ростовская область,субъект,2019,15096,1277290
Ростовская область,субъект,2020,13872,838082
Ростовская область,субъект,2021,14425,1145858
Ростовская область,субъект,2022,15609,1451318
Ростовская область,субъект,2023,16804,1780696
Ростовская область,субъект,2024,17637,1956732
Ростовская область,субъект,2025,19122,1923281
г.Севастополь,субъект,2015,6845,300746
г.Севастополь,субъект,2016,2227,126807
г.Севастополь,субъект,2017,3772,179276
г.Севастополь,субъект,2018,4240,167738
г.Севастополь,субъект,2019,4974,239931
г.Севастополь,субъект,2020,5013,154782
г.Севастополь,субъект,2021,5890,217604
г.Севастополь,субъект,2022,5803,181770
г.Севастополь,субъект,2023,5186,121164
г.Севастополь,субъект,2024,5220,152037
г.Севастополь,субъект,2025,5696,212508
Северо-Кавказский федеральный округ,федеральный округ,2015,34549,1370267
Северо-Кавказский федеральный округ,федеральный округ,2016,36739,1418286
Северо-Кавказский федеральный округ,федеральный округ,2017,38423,1449483
Северо-Кавказский федеральный округ,федеральный округ,2018,40840,1650296
Северо-Кавказский федеральный округ,федеральный округ,2019,42353,1753362
Северо-Кавказский федеральный округ,федеральный округ,2020,43734,1182984
Северо-Кавказский федеральный округ,федеральный округ,2021,44720,1882677
Северо-Кавказский федеральный округ,федеральный округ,2022,48227,2363988
Северо-Кавказский федеральный округ,федеральный округ,2023,50599,3059935
Северо-Кавказский федеральный округ,федеральный округ,2024,53596,3308613
Северо-Кавказский федеральный округ,федеральный округ,2025,61158,3588126
Республика Дагестан,субъект,2015,2708,136922
Республика Дагестан,субъект,2016,2556,139384
Республика Дагестан,субъект,2017,3042,115988
Республика Дагестан,субъект,2018,3967,187353
Республика Дагестан,субъект,2019,5039,168383
Республика Дагестан,субъект,2020,5040,123007
Республика Дагестан,субъект,2021,5367,142786
Республика Дагестан,субъект,2022,5719,248237
Республика Дагестан,субъект,2023,6940,445771
Республика Дагестан,субъект,2024,7829,513229
Республика Дагестан,субъект,2025,10990,572539
Кабардино-Балкарская Республика,субъект,2015,3996,105460
Кабардино-Балкарская Республика,субъект,2016,4276,107397
Кабардино-Балкарская Республика,субъект,2017,4758,122772
Кабардино-Балкарская Республика,субъект,2018,5124,126680
Кабардино-Балкарская Республика,субъект,2019,5383,162201
Кабардино-Балкарская Республика,субъект,2020,5562,93033
Кабардино-Балкарская Республика,субъект,2021,5715,167868
Кабардино-Балкарская Республика,субъект,2022,6142,204707
Кабардино-Балкарская Республика,субъект,2023,6395,250291
Кабардино-Балкарская Республика,субъект,2024,6578,292990
Кабардино-Балкарская Республика,субъект,2025,6700,303094
Карачаево-Черкесская Республика,субъект,2015,3004,192993
Карачаево-Черкесская Республика,субъект,2016,2880,115424
Карачаево-Черкесская Республика,субъект,2017,3003,99883
Карачаево-Черкесская Республика,субъект,2018,2887,103176
Карачаево-Черкесская Республика,субъект,2019,3050,105178
Карачаево-Черкесская Республика,субъект,2020,3253,89509
Карачаево-Черкесская Республика,субъект,2021,3508,152025
Карачаево-Черкесская Республика,субъект,2022,4815,220219
Карачаево-Черкесская Республика,субъект,2023,4831,277717
Карачаево-Черкесская Республика,субъект,2024,5183,344628
Карачаево-Черкесская Республика,субъект,2025,7821,413113
Республика Северная Осетия - Алания,субъект,2015,1688,49422
Республика Северная Осетия - Алания,субъект,2016,1505,42693
Республика Северная Осетия - Алания,субъект,2017,1731,52878
Республика Северная Осетия - Алания,субъект,2018,1917,69981
Республика Северная Осетия - Алания,субъект,2019,2160,86396
Республика Северная Осетия - Алания,субъект,2020,2281,90743
Республика Северная Осетия - Алания,субъект,2021,2305,176688
Республика Северная Осетия - Алания,субъект,2022,2252,220146
Республика Северная Осетия - Алания,субъект,2023,2478,250101
Республика Северная Осетия - Алания,субъект,2024,2514,230971
Республика Северная Осетия - Алания,субъект,2025,3263,276106
Ставропольский край,субъект,2015,22237,848774
Ставропольский край,субъект,2016,24384,977155
Ставропольский край,субъект,2017,24367,1000585
Ставропольский край,субъект,2018,24713,1080487
Ставропольский край,субъект,2019,24436,1124152
Ставропольский край,субъект,2020,24807,661129
Ставропольский край,субъект,2021,24965,1082734
Ставропольский край,субъект,2022,26371,1262918
Ставропольский край,субъект,2023,26745,1569425
Ставропольский край,субъект,2024,27977,1636523
Ставропольский край,субъект,2025,28735,1660089
Приволжский федеральный округ,федеральный округ,2015,107465,7095094
Приволжский федеральный округ,федеральный округ,2016,104810,7405275
Приволжский федеральный округ,федеральный округ,2017,129419,8250266
Приволжский федеральный округ,федеральный округ,2018,135827,8898737
Приволжский федеральный округ,федеральный округ,2019,135672,9573145
Приволжский федеральный округ,федеральный округ,2020,134015,6205042
Приволжский федеральный округ,федеральный округ,2021,136369,9361991
Приволжский федеральный округ,федеральный округ,2022,141629,10424696
Приволжский федеральный округ,федеральный округ,2023,141676,11373815
Приволжский федеральный округ,федеральный округ,2024,146180,12071684
Приволжский федеральный округ,федеральный округ,2025,157870,12567605
Республика Башкортостан,субъект,2015,15706,891507
Республика Башкортостан,субъект,2016,14647,1028254
Республика Башкортостан,субъект,2017,18208,1123083
Республика Башкортостан,субъект,2018,18349,1169066
Республика Башкортостан,субъект,2019,18351,1284825
Республика Башкортостан,субъект,2020,19137,893776
Республика Башкортостан,субъект,2021,20191,1393719
Республика Башкортостан,субъект,2022,19598,1399482
Республика Башкортостан,субъект,2023,19096,1458451
Республика Башкортостан,субъект,2024,20176,1462869
Республика Башкортостан,субъект,2025,20912,1399541
Республика Марий Эл,субъект,2015,2255,111169
Республика Марий Эл,субъект,2016,2277,124941
Республика Марий Эл,субъект,2017,2845,126930
Республика Марий Эл,субъект,2018,2892,137063
Республика Марий Эл,субъект,2019,2934,141855
Республика Марий Эл,субъект,2020,2988,79114
Республика Марий Эл,субъект,2021,2932,124148
Республика Марий Эл,субъект,2022,3125,162601
Республика Марий Эл,субъект,2023,3205,170382
Республика Марий Эл,субъект,2024,3307,207947
Республика Марий Эл,субъект,2025,3644,257874
Республика Мордовия,субъект,2015,1890,101523
Республика Мордовия,субъект,2016,1869,102981
Республика Мордовия,субъект,2017,2350,116489
Республика Мордовия,субъект,2018,3210,136565
Республика Мордовия,субъект,2019,2799,150365
Республика Мордовия,субъект,2020,2402,82370
Республика Мордовия,субъект,2021,2533,130494
Республика Мордовия,субъект,2022,2449,149829
Республика Мордовия,субъект,2023,2344,159606
Республика Мордовия,субъект,2024,2797,173207
Республика Мордовия,субъект,2025,3133,196290
Республика Татарстан,субъект,2015,16808,1782455
Республика Татарстан,субъект,2016,17556,1861237
Республика Татарстан,субъект,2017,23056,2096003
Республика Татарстан,субъект,2018,25095,2258117
Республика Татарстан,субъект,2019,24282,2335071
Республика Татарстан,субъект,2020,21829,1449390
Республика Татарстан,субъект,2021,22241,2122600
Республика Татарстан,субъект,2022,25323,2607936
Республика Татарстан,субъект,2023,27079,2756805
Республика Татарстан,субъект,2024,27494,2760369
Республика Татарстан,субъект,2025,31819,2943367
Удмуртская Республика,субъект,2015,4060,264997
Удмуртская Республика,субъект,2016,3995,266957
Удмуртская Республика,субъект,2017,4578,284580
Удмуртская Республика,субъект,2018,5137,358867
Удмуртская Республика,субъект,2019,5257,410075
Удмуртская Республика,субъект,2020,5334,270789
Удмуртская Республика,субъект,2021,5489,383774
Удмуртская Республика,субъект,2022,5421,460428
Удмуртская Республика,субъект,2023,5424,499092
Удмуртская Республика,субъект,2024,5529,532214
Удмуртская Республика,субъект,2025,5926,600341
Чувашская Республика,субъект,2015,3456,237083
Чувашская Республика,субъект,2016,3513,268743
Чувашская Республика,субъект,2017,4709,279365
Чувашская Республика,субъект,2018,4515,274661
Чувашская Республика,субъект,2019,4514,305615
Чувашская Республика,субъект,2020,4457,188580
Чувашская Республика,субъект,2021,4385,313244
Чувашская Республика,субъект,2022,4572,341575
Чувашская Республика,субъект,2023,4591,375365
Чувашская Республика,субъект,2024,4578,369236
Чувашская Республика,субъект,2025,5234,397803
Пермский край,субъект,2015,11034,642403
Пермский край,субъект,2016,9736,661675
Пермский край,субъект,2017,12060,662950
Пермский край,субъект,2018,11879,737857
Пермский край,субъект,2019,11586,753971
Пермский край,субъект,2020,11615,486448
Пермский край,субъект,2021,11697,725543
Пермский край,субъект,2022,12485,818520
Пермский край,субъект,2023,12362,923039
Пермский край,субъект,2024,12401,967047
Пермский край,субъект,2025,13019,1005696
Кировская область,субъект,2015,4219,248904
Кировская область,субъект,2016,4459,299698
Кировская область,субъект,2017,4469,285380
Кировская область,субъект,2018,5511,310897
Кировская область,субъект,2019,5526,318523
Кировская область,субъект,2020,5492,213864
Кировская область,субъект,2021,5454,333292
Кировская область,субъект,2022,5475,367737
Кировская область,субъект,2023,5284,406133
Кировская область,субъект,2024,5563,423993
Кировская область,субъект,2025,5684,437412
Нижегородская область,субъект,2015,13796,1089348
Нижегородская область,субъект,2016,12869,974906
Нижегородская область,субъект,2017,15372,1066906
Нижегородская область,субъект,2018,16319,1186610
Нижегородская область,субъект,2019,16292,1269382
Нижегородская область,субъект,2020,16126,754987
Нижегородская область,субъект,2021,16688,1442445
Нижегородская область,субъект,2022,17168,1445281
Нижегородская область,субъект,2023,17778,1593035
Нижегородская область,субъект,2024,18507,1811930
Нижегородская область,субъект,2025,20127,1914169
Оренбургская область,субъект,2015,5902,372745
Оренбургская область,субъект,2016,5298,341286
Оренбургская область,субъект,2017,6628,370995
Оренбургская область,субъект,2018,6815,373446
Оренбургская область,субъект,2019,6974,407783
Оренбургская область,субъект,2020,6905,237744
Оренбургская область,субъект,2021,6394,338278
Оренбургская область,субъект,2022,6798,378476
Оренбургская область,субъект,2023,6918,427159
Оренбургская область,субъект,2024,6841,470353
Оренбургская область,субъект,2025,7670,546157
Пензенская область,субъект,2015,2854,136853
Пензенская область,субъект,2016,3468,200503
Пензенская область,субъект,2017,3860,215232
Пензенская область,субъект,2018,3718,208315
Пензенская область,субъект,2019,4431,295266
Пензенская область,субъект,2020,4140,195288
Пензенская область,субъект,2021,4331,243353
Пензенская область,субъект,2022,4882,294320
Пензенская область,субъект,2023,4611,353210
Пензенская область,субъект,2024,4821,366536
Пензенская область,субъект,2025,5259,344212
Самарская область,субъект,2015,13317,662323
Самарская область,субъект,2016,13960,698808
Самарская область,субъект,2017,17061,873129
Самарская область,субъект,2018,17708,990143
Самарская область,субъект,2019,17790,1018820
Самарская область,субъект,2020,18400,722049
Самарская область,субъект,2021,18479,911992
Самарская область,субъект,2022,18492,1048474
Самарская область,субъект,2023,17380,1186755
Самарская область,субъект,2024,18416,1373060
Самарская область,субъект,2025,18745,1340041
Саратовская область,субъект,2015,7095,329067
Саратовская область,субъект,2016,6854,332815
Саратовская область,субъект,2017,8822,436066
Саратовская область,субъект,2018,9032,399114
Саратовская область,субъект,2019,9503,484434
Саратовская область,субъект,2020,8955,349865
Саратовская область,субъект,2021,9552,544007
Саратовская область,субъект,2022,9501,625580
Саратовская область,субъект,2023,9453,632857
Саратовская область,субъект,2024,9668,681760
Саратовская область,субъект,2025,10238,723864
Ульяновская область,субъект,2015,5073,224717
Ульяновская область,субъект,2016,4309,242471
Ульяновская область,субъект,2017,5401,313158
Ульяновская область,субъект,2018,5647,358016
Ульяновская область,субъект,2019,5433,397160
Ульяновская область,субъект,2020,6235,280778
Ульяновская область,субъект,2021,6003,355102
Ульяновская область,субъект,2022,6340,324457
Ульяновская область,субъект,2023,6151,431926
Ульяновская область,субъект,2024,6082,471163
Ульяновская область,субъект,2025,6460,460838
Уральский федеральный округ,федеральный округ,2015,48594,3212244
Уральский федеральный округ,федеральный округ,2016,48653,3552669
Уральский федеральный округ,федеральный округ,2017,54124,3810877
Уральский федеральный округ,федеральный округ,2018,55631,4212135
Уральский федеральный округ,федеральный округ,2019,57575,4445120
Уральский федеральный округ,федеральный округ,2020,58770,2846367
Уральский федеральный округ,федеральный округ,2021,60401,4230042
Уральский федеральный округ,федеральный округ,2022,61807,4721152
Уральский федеральный округ,федеральный округ,2023,64122,5709121
Уральский федеральный округ,федеральный округ,2024,64654,5874449
Уральский федеральный округ,федеральный округ,2025,69565,6204049
Курганская область,субъект,2015,2616,148608
Курганская область,субъект,2016,2646,164083
Курганская область,субъект,2017,3104,141363
Курганская область,субъект,2018,3133,156496
Курганская область,субъект,2019,3226,174240
Курганская область,субъект,2020,2987,114726
Курганская область,субъект,2021,2886,159908
Курганская область,субъект,2022,3368,196327
Курганская область,субъект,2023,3604,243831
Курганская область,субъект,2024,3772,300508
Курганская область,субъект,2025,3750,308484
Свердловская область,субъект,2015,15494,1159995
Свердловская область,субъект,2016,15362,1344586
Свердловская область,субъект,2017,17057,1354938
Свердловская область,субъект,2018,18259,1535447
Свердловская область,субъект,2019,18599,1623520
Свердловская область,субъект,2020,18768,974715
Свердловская область,субъект,2021,19446,1538717
Свердловская область,субъект,2022,19505,1607781
Свердловская область,субъект,2023,20059,2082554
Свердловская область,субъект,2024,20650,2051909
Свердловская область,субъект,2025,23164,2115146
Тюменская область,субъект,2015,15814,1054358
Тюменская область,субъект,2016,16200,1222803
Тюменская область,субъект,2017,16936,1384028
Тюменская область,субъект,2018,17255,1535385
Тюменская область,субъект,2019,17798,1656050
Тюменская область,субъект,2020,18051,1088253
Тюменская область,субъект,2021,18631,1485672
Тюменская область,субъект,2022,19562,1686489
Тюменская область,субъект,2023,20163,1982591
Тюменская область,субъект,2024,20069,2014145
Тюменская область,субъект,2025,21797,2217218
Ханты-Мансийский автономный округ - Югра,субъект,2015,6351,435365
Ханты-Мансийский автономный округ - Югра,субъект,2016,6419,525705
Ханты-Мансийский автономный округ - Югра,субъект,2017,6836,580419
Ханты-Мансийский автономный округ - Югра,субъект,2018,6464,595486
Ханты-Мансийский автономный округ - Югра,субъект,2019,6584,570877
Ханты-Мансийский автономный округ - Югра,субъект,2020,6448,359648
Ханты-Мансийский автономный округ - Югра,субъект,2021,6740,477052
Ханты-Мансийский автономный округ - Югра,субъект,2022,6849,556497
Ханты-Мансийский автономный округ - Югра,субъект,2023,7003,659722
Ханты-Мансийский автономный округ - Югра,субъект,2024,7020,703567
Ханты-Мансийский автономный округ - Югра,субъект,2025,7632,741674
Ямало-Ненецкий автономный округ,субъект,2015,1998,158887
Ямало-Ненецкий автономный округ,субъект,2016,1908,139718
Ямало-Ненецкий автономный округ,субъект,2017,1973,156157
Ямало-Ненецкий автономный округ,субъект,2018,2072,163501
Ямало-Ненецкий автономный округ,субъект,2019,2287,208076
Ямало-Ненецкий автономный округ,субъект,2020,2480,158070
Ямало-Ненецкий автономный округ,субъект,2021,2594,189246
Ямало-Ненецкий автономный округ,субъект,2022,3124,220105
Ямало-Ненецкий автономный округ,субъект,2023,3161,225829
Ямало-Ненецкий автономный округ,субъект,2024,3045,248459
Ямало-Ненецкий автономный округ,субъект,2025,3416,248941
Тюменская область (кроме Ханты-Мансийского автономного округа-Югры и Ямало-Ненецкого автономного округа),субъект,2015,7465,460106
Тюменская область (кроме Ханты-Мансийского автономного округа-Югры и Ямало-Ненецкого автономного округа),субъект,2016,7873,557380
Тюменская область (кроме Ханты-Мансийского автономного округа-Югры и Ямало-Ненецкого автономного округа),субъект,2017,8127,647452
Тюменская область (кроме Ханты-Мансийского автономного округа-Югры и Ямало-Ненецкого автономного округа),субъект,2018,8719,776398
Тюменская область (кроме Ханты-Мансийского автономного округа-Югры и Ямало-Ненецкого автономного округа),субъект,2019,8927,877097
Тюменская область (кроме Ханты-Мансийского автономного округа-Югры и Ямало-Ненецкого автономного округа),субъект,2020,9123,570535
Тюменская область (кроме Ханты-Мансийского автономного округа-Югры и Ямало-Ненецкого автономного округа),субъект,2021,9297,819374
Тюменская область (кроме Ханты-Мансийского автономного округа-Югры и Ямало-Ненецкого автономного округа),субъект,2022,9589,909887
Тюменская область (кроме Ханты-Мансийского автономного округа-Югры и Ямало-Ненецкого автономного округа),субъект,2023,9999,1097040
Тюменская область (кроме Ханты-Мансийского автономного округа-Югры и Ямало-Ненецкого автономного округа),субъект,2024,10004,1062119
Тюменская область (кроме Ханты-Мансийского автономного округа-Югры и Ямало-Ненецкого автономного округа),субъект,2025,10749,1226603
Челябинская область,субъект,2015,14670,849283
Челябинская область,субъект,2016,14445,821197
Челябинская область,субъект,2017,17027,930548
Челябинская область,субъект,2018,16984,984807
Челябинская область,субъект,2019,17952,991310
Челябинская область,субъект,2020,18964,668673
Челябинская область,субъект,2021,19438,1045745
Челябинская область,субъект,2022,19372,1230555
Челябинская область,субъект,2023,20296,1400145
Челябинская область,субъект,2024,20163,1507887
Челябинская область,субъект,2025,20854,1563201
Сибирский федеральный округ,федеральный округ,2015,66295,4298828
Сибирский федеральный округ,федеральный округ,2016,61204,4143889
Сибирский федеральный округ,федеральный округ,2017,71195,4631548
Сибирский федеральный округ,федеральный округ,2018,76540,5234296
Сибирский федеральный округ,федеральный округ,2019,77795,5485396
Сибирский федеральный округ,федеральный округ,2020,78224,3567216
Сибирский федеральный округ,федеральный округ,2021,83068,5354189
Сибирский федеральный округ,федеральный округ,2022,85409,6111628
Сибирский федеральный округ,федеральный округ,2023,88057,6964531
Сибирский федеральный округ,федеральный округ,2024,93389,7848369
Сибирский федеральный округ,федеральный округ,2025,106966,7976786
Республика Алтай,субъект,2015,3097,183033
Республика Алтай,субъект,2016,2926,208844
Республика Алтай,субъект,2017,3186,164579
Республика Алтай,субъект,2018,3907,200002
Республика Алтай,субъект,2019,4136,227362
Республика Алтай,субъект,2020,4278,149639
Республика Алтай,субъект,2021,5000,279309
Республика Алтай,субъект,2022,5793,345697
Республика Алтай,субъект,2023,6956,447301
Республика Алтай,субъект,2024,8203,550457
Республика Алтай,субъект,2025,11614,634100
Республика Тыва,субъект,2015,872,35205
Республика Тыва,субъект,2016,701,31339
Республика Тыва,субъект,2017,939,35738
Республика Тыва,субъект,2018,1130,37373
Республика Тыва,субъект,2019,1141,40853
Республика Тыва,субъект,2020,1259,34584
Республика Тыва,субъект,2021,1274,39754
Республика Тыва,субъект,2022,1193,55169
Республика Тыва,субъект,2023,1230,59932
Республика Тыва,субъект,2024,1396,68562
Республика Тыва,субъект,2025,1546,74483
Республика Хакасия,субъект,2015,5076,157032
Республика Хакасия,субъект,2016,2728,99319
Республика Хакасия,субъект,2017,2917,114953
Республика Хакасия,субъект,2018,3315,168749
Республика Хакасия,субъект,2019,3258,187892
Республика Хакасия,субъект,2020,2965,108309
Республика Хакасия,субъект,2021,3051,130591
Республика Хакасия,субъект,2022,3566,180492
Республика Хакасия,субъект,2023,3377,221152
Республика Хакасия,субъект,2024,3588,240541
Республика Хакасия,субъект,2025,4007,240678
Алтайский край,субъект,2015,10084,660939
Алтайский край,субъект,2016,9870,610676
Алтайский край,субъект,2017,12364,694212
Алтайский край,субъект,2018,12357,690596
Алтайский край,субъект,2019,12868,726995
Алтайский край,субъект,2020,12886,494604
Алтайский край,субъект,2021,13264,709181
Алтайский край,субъект,2022,13353,817026
Алтайский край,субъект,2023,14083,938891
Алтайский край,субъект,2024,14646,931795
Алтайский край,субъект,2025,15742,905073
Красноярский край,субъект,2015,11149,644170
Красноярский край,субъект,2016,10095,672620
Красноярский край,субъект,2017,11457,644818
Красноярский край,субъект,2018,13047,771444
Красноярский край,субъект,2019,13081,861541
Красноярский край,субъект,2020,13098,537990
Красноярский край,субъект,2021,13763,897878
Красноярский край,субъект,2022,13595,1079508
Красноярский край,субъект,2023,13656,1131765
Красноярский край,субъект,2024,14463,1266080
Красноярский край,субъект,2025,19300,1402617
Иркутская область,субъект,2015,11337,973473
Иркутская область,субъект,2016,8844,724964
Иркутская область,субъект,2017,10141,817117
Иркутская область,субъект,2018,11101,933430
Иркутская область,субъект,2019,11854,1009399
Иркутская область,субъект,2020,11774,609626
Иркутская область,субъект,2021,13792,878386
Иркутская область,субъект,2022,13885,923719
Иркутская область,субъект,2023,13730,1103645
Иркутская область,субъект,2024,14884,1287549
Иркутская область,субъект,2025,16008,1325689
Кемеровская область - Кузбасс,субъект,2015,8731,486422
Кемеровская область - Кузбасс,субъект,2016,7214,439674
Кемеровская область - Кузбасс,субъект,2017,8233,554050
Кемеровская область - Кузбасс,субъект,2018,8553,586179
Кемеровская область - Кузбасс,субъект,2019,8272,586681
Кемеровская область - Кузбасс,субъект,2020,8213,387295
Кемеровская область - Кузбасс,субъект,2021,8241,682983
Кемеровская область - Кузбасс,субъект,2022,8660,671363
Кемеровская область - Кузбасс,субъект,2023,8877,785123
Кемеровская область - Кузбасс,субъект,2024,9308,774104
Кемеровская область - Кузбасс,субъект,2025,9939,693541
Новосибирская область,субъект,2015,7857,559605
Новосибирская область,субъект,2016,10111,783537
Новосибирская область,субъект,2017,12510,876663
Новосибирская область,субъект,2018,12573,1059702
Новосибирская область,субъект,2019,12669,1115033
Новосибирская область,субъект,2020,12817,789439
Новосибирская область,субъект,2021,13605,1078435
Новосибирская область,субъект,2022,13716,1301338
Новосибирская область,субъект,2023,13382,1318422
Новосибирская область,субъект,2024,14123,1539440
Новосибирская область,субъект,2025,15730,1497709
Омская область,субъект,2015,6037,489198
Омская область,субъект,2016,5347,354898
Омская область,субъект,2017,6073,511139
Омская область,субъект,2018,6553,543555
Омская область,субъект,2019,6273,502264
Омская область,субъект,2020,7053,332043
Омская область,субъект,2021,7063,454407
Омская область,субъект,2022,7677,521264
Омская область,субъект,2023,8572,687847
Омская область,субъект,2024,8405,902431
Омская область,субъект,2025,8402,913353
Томская область,субъект,2015,2055,109751
Томская область,субъект,2016,3368,218018
Томская область,субъект,2017,3375,218279
Томская область,субъект,2018,4004,243266
Томская область,субъект,2019,4243,227376
Томская область,субъект,2020,3881,123687
Томская область,субъект,2021,4015,203265
Томская область,субъект,2022,3971,216052
Томская область,субъект,2023,4194,270453
Томская область,субъект,2024,4373,287410
Томская область,субъект,2025,4678,289543
Дальневосточный федеральный округ,федеральный округ,2015,40357,2814839
Дальневосточный федеральный округ,федеральный округ,2016,44896,2937948
Дальневосточный федеральный округ,федеральный округ,2017,47195,3319592
Дальневосточный федеральный округ,федеральный округ,2018,47706,3336701
Дальневосточный федеральный округ,федеральный округ,2019,50958,3754476
Дальневосточный федеральный округ,федеральный округ,2020,51991,2332665
Дальневосточный федеральный округ,федеральный округ,2021,55051,3218250
Дальневосточный федеральный округ,федеральный округ,2022,54172,3533251
Дальневосточный федеральный округ,федеральный округ,2023,60283,4116973
Дальневосточный федеральный округ,федеральный округ,2024,64488,4815419
Дальневосточный федеральный округ,федеральный округ,2025,70199,4956252
Республика Бурятия,субъект,2015,5533,325315
Республика Бурятия,субъект,2016,5613,334488
Республика Бурятия,субъект,2017,6666,389890
Республика Бурятия,субъект,2018,6493,371259
Республика Бурятия,субъект,2019,6729,407391
Республика Бурятия,субъект,2020,6564,278236
Республика Бурятия,субъект,2021,7906,412258
Республика Бурятия,субъект,2022,8156,490498
Республика Бурятия,субъект,2023,8478,563502
Республика Бурятия,субъект,2024,9154,689263
Республика Бурятия,субъект,2025,9325,666812
Республика Саха (Якутия),субъект,2015,2679,190770
Республика Саха (Якутия),субъект,2016,2280,178440
Республика Саха (Якутия),субъект,2017,2284,190812
Республика Саха (Якутия),субъект,2018,2392,196651
Республика Саха (Якутия),субъект,2019,2632,201496
Республика Саха (Якутия),субъект,2020,2820,114510
Республика Саха (Якутия),субъект,2021,2680,190504
Республика Саха (Якутия),субъект,2022,2949,212456
Республика Саха (Якутия),субъект,2023,2619,235423
Республика Саха (Якутия),субъект,2024,2882,264871
Республика Саха (Якутия),субъект,2025,3411,284016
Забайкальский край,субъект,2015,3664,205110
Забайкальский край,субъект,2016,3276,201119
Забайкальский край,субъект,2017,3242,209085
Забайкальский край,субъект,2018,3283,222108
Забайкальский край,субъект,2019,3851,258081
Забайкальский край,субъект,2020,3752,201730
Забайкальский край,субъект,2021,4255,277364
Забайкальский край,субъект,2022,4187,318230
Забайкальский край,субъект,2023,4626,381877
Забайкальский край,субъект,2024,5201,468483
Забайкальский край,субъект,2025,5728,465165
Камчатский край,субъект,2015,1439,132759
Камчатский край,субъект,2016,1825,118320
Камчатский край,субъект,2017,2069,148212
Камчатский край,субъект,2018,2095,161483
Камчатский край,субъект,2019,2098,165430
Камчатский край,субъект,2020,1868,116850
Камчатский край,субъект,2021,2018,143570
Камчатский край,субъект,2022,2177,180427
Камчатский край,субъект,2023,2313,227911
Камчатский край,субъект,2024,2583,291248
Камчатский край,субъект,2025,3078,322056
Приморский край,субъект,2015,14821,958994
Приморский край,субъект,2016,16582,895328
Приморский край,субъект,2017,17030,1063758
Приморский край,субъект,2018,17563,1108478
Приморский край,субъект,2019,18575,1328160
Приморский край,субъект,2020,20402,631882
Приморский край,субъект,2021,21571,1018326
Приморский край,субъект,2022,20326,1117152
Приморский край,субъект,2023,25302,1231223
Приморский край,субъект,2024,27089,1396747
Приморский край,субъект,2025,28939,1412603
Хабаровский край,субъект,2015,5419,490071
Хабаровский край,субъект,2016,8090,584033
Хабаровский край,субъект,2017,7695,584857
Хабаровский край,субъект,2018,7319,596815
Хабаровский край,субъект,2019,8295,645993
Хабаровский край,субъект,2020,7735,432474
Хабаровский край,субъект,2021,7661,509280
Хабаровский край,субъект,2022,7349,536130
Хабаровский край,субъект,2023,7434,698958
Хабаровский край,субъект,2024,7775,735983
Хабаровский край,субъект,2025,8389,745844
Амурская область,субъект,2015,3156,239916
Амурская область,субъект,2016,3398,319561
Амурская область,субъект,2017,3771,358268
Амурская область,субъект,2018,3929,347075
Амурская область,субъект,2019,3869,364072
Амурская область,субъект,2020,4099,257366
Амурская область,субъект,2021,4193,300914
Амурская область,субъект,2022,4266,319483
Амурская область,субъект,2023,4481,354037
Амурская область,субъект,2024,4490,508275
Амурская область,субъект,2025,5128,509196
Магаданская область,субъект,2015,901,64949
Магаданская область,субъект,2016,885,72770
Магаданская область,субъект,2017,958,65745
Магаданская область,субъект,2018,928,59434
Магаданская область,субъект,2019,951,70033
Магаданская область,субъект,2020,787,62562
Магаданская область,субъект,2021,838,87023
Магаданская область,субъект,2022,836,74958
Магаданская область,субъект,2023,838,124722
Магаданская область,субъект,2024,897,127826
Магаданская область,субъект,2025,1027,140494
Сахалинская область,субъект,2015,1895,166321
Сахалинская область,субъект,2016,2109,188901
Сахалинская область,субъект,2017,2548,261179
Сахалинская область,субъект,2018,2559,217636
Сахалинская область,субъект,2019,2775,247892
Сахалинская область,субъект,2020,2787,194811
Сахалинская область,субъект,2021,2840,211548
Сахалинская область,субъект,2022,2855,224769
Сахалинская область,субъект,2023,3100,245124
Сахалинская область,субъект,2024,3341,272336
Сахалинская область,субъект,2025,4013,344380
Еврейская автономная область,субъект,2015,682,31002
Еврейская автономная область,субъект,2016,618,32050
Еврейская автономная область,субъект,2017,667,29864
Еврейская автономная область,субъект,2018,846,40995
Еврейская автономная область,субъект,2019,827,38090
Еврейская автономная область,субъект,2020,838,26532
Еврейская автономная область,субъект,2021,769,36235
Еврейская автономная область,субъект,2022,769,37365
Еврейская автономная область,субъект,2023,818,45296
Еврейская автономная область,субъект,2024,794,50022
Еврейская автономная область,субъект,2025,837,52518
Чукотский автономный округ,субъект,2015,168,9632
Чукотский автономный округ,субъект,2016,220,12938
Чукотский автономный округ,субъект,2017,265,17922
Чукотский автономный округ,субъект,2018,299,14767
Чукотский автономный округ,субъект,2019,356,27838
Чукотский автономный округ,субъект,2020,339,15712
Чукотский автономный округ,субъект,2021,320,31228
Чукотский автономный округ,субъект,2022,302,21783
Чукотский автономный округ,субъект,2023,274,8900
Чукотский автономный округ,субъект,2024,282,10365
Чукотский автономный округ,субъект,2025,324,13168
