year,domestic_mln,foreign_mln,total_mln,source
2016,4.1,2.8,6.9,"S1 с. 6, подписи графика; первоисточник — Комитет по развитию туризма"
2017,3.8,3.8,7.6,"S1 с. 6, подписи графика; первоисточник — Комитет по развитию туризма"
2018,4.3,3.9,8.2,"S1 с. 6, подписи графика; первоисточник — Комитет по развитию туризма"
2019,5.5,4.9,10.4,"S1 с. 6, подписи графика; первоисточник — Комитет по развитию туризма"
2020,2.4,0.5,2.9,"S1 с. 6, подписи графика; первоисточник — Комитет по развитию туризма"
2021,5.8,0.3,6.1,"S1 с. 6, подписи графика; первоисточник — Комитет по развитию туризма"
2022,7.8,0.3,8.1,"S1 с. 6, подписи графика; первоисточник — Комитет по развитию туризма"
2023,8.8,0.6,9.4,"S1 с. 6, подписи графика; первоисточник — Комитет по развитию туризма"
2024,10.8,0.8,11.6,"S1 с. 6, подписи графика; первоисточник — Комитет по развитию туризма"
2025,11.6,0.8,12.4,"S1 с. 6, подписи графика; первоисточник — Комитет по развитию туризма"
