source_id,file,url,sha256,in_repo
S1,S1_NF_Group_SPb_hotels_2025.pdf,https://media.kf.expert/lenta_analytics/0/900/NF%20GROUP_%D0%A0%D1%8B%D0%BD%D0%BE%D0%BA%20%D0%B3%D0%BE%D1%81%D1%82%D0%B8%D0%BD%D0%B8%D1%87%D0%BD%D0%BE%D0%B9%20%D0%BD%D0%B5%D0%B4%D0%B2%D0%B8%D0%B6%D0%B8%D0%BC%D0%BE%D1%81%D1%82%D0%B8_%D0%A1%D0%B0%D0%BD%D0%BA%D1%82-%D0%9F%D0%B5%D1%82%D0%B5%D1%80%D0%B1%D1%83%D1%80%D0%B3_2025.pdf,6d440b041355502800f3402abbf2994a65507d40bebc2d7c2ffe62b027927969,нет
S2,S2_NF_Group_SPb_hotels_H1_2025.pdf,https://media.kf.expert/lenta_analytics/0/875/NF%20GROUP_%D0%A0%D1%8B%D0%BD%D0%BE%D0%BA%20%D0%B3%D0%BE%D1%81%D1%82%D0%B8%D0%BD%D0%B8%D1%87%D0%BD%D0%BE%D0%B9%20%D0%BD%D0%B5%D0%B4%D0%B2%D0%B8%D0%B6%D0%B8%D0%BC%D0%BE%D1%81%D1%82%D0%B8_%D0%A1%D0%B0%D0%BD%D0%BA%D1%82-%D0%9F%D0%B5%D1%82%D0%B5%D1%80%D0%B1%D1%83%D1%80%D0%B3_I%20%D0%BF%D0%BE%D0%BB%D1%83%D0%B3%D0%BE%D0%B4%D0%B8%D0%B5%202025.pdf,87c571d6c6f90d9be8460583ec64602a1f2153cddc8f5ec36c2412aecc3eb4b4,нет
S3,S3_NF_Group_SPb_hotels_2024.pdf,https://media.kf.expert/lenta_analytics/0/834/NF%20Group_%D0%A0%D1%8B%D0%BD%D0%BE%D0%BA%20%D0%B3%D0%BE%D1%81%D1%82%D0%B8%D0%BD%D0%B8%D1%87%D0%BD%D0%BE%D0%B9%20%D0%BD%D0%B5%D0%B4%D0%B2%D0%B8%D0%B6%D0%B8%D0%BC%D0%BE%D1%81%D1%82%D0%B8_%D0%A1%D0%B0%D0%BD%D0%BA%D1%82-%D0%9F%D0%B5%D1%82%D0%B5%D1%80%D0%B1%D1%83%D1%80%D0%B3_2024.pdf,a052c8630daaeea67eb25b9541cf528b942829fd74cd9b307c3340fe1481fd82,нет
S9,S9_NF_Group_SPb_hotels_2023.pdf,https://media.kf.expert/lenta_analytics/0/720/NF%20Group_%D0%A0%D1%8B%D0%BD%D0%BE%D0%BA%20%D0%B3%D0%BE%D1%81%D1%82%D0%B8%D0%BD%D0%B8%D1%87%D0%BD%D0%BE%D0%B9%20%D0%BD%D0%B5%D0%B4%D0%B2%D0%B8%D0%B6%D0%B8%D0%BC%D0%BE%D1%81%D1%82%D0%B8_%D0%A1%D0%B0%D0%BD%D0%BA%D1%82-%D0%9F%D0%B5%D1%82%D0%B5%D1%80%D0%B1%D1%83%D1%80%D0%B3_%D0%B8%D1%82%D0%BE%D0%B3%D0%B8%202023.pdf,b36ec4af7da437a7f766a970ac15d2a231159df7ab169e20b98c05a7f64b2d53,нет
S10,S10_IBC_SPb_prelim_H1_2026.pdf,https://ibcrealestate.ru/upload/iblock/190/8tn31vlwa21zhqe87gl9qx6ftdh8z5k0/IBC_Real_Estate_Predvaritelnye-itogi-I-pol.-2026_Sankt_Peterburg.pdf,4e61ac63596bbb336417629d3b845afbdaedac2922219b44453d93622918e9a6,нет
S13,S13_IBC_Hotels_Russia_Q2_2026.pdf,https://ibcrealestate.ru/upload/iblock/31b/n0pz6ftg0x8nxxt3x8t6ytab9w5titsf/IBC-Real-Estate_Hotels_Q2_2026.pdf,85d5ddf2ac12d4d5a17fe468a1d02942df811b1d5b5e2e2c5e0d96d637ffb416,нет
S14,S14_IBC_SPb_Q2_2026.pdf,https://ibcrealestate.ru/upload/iblock/e1c/8wrwb2oy2xm9y1oq71lefjbivgwmthvd/IBC-Real-Estate_Q2-2026_St.-Petersburg.pdf,e6f4468f696689910f1f784ab7ae9d097afb5344e9076f3995f091edb12f36c3,нет
S15,S15_Rosstat_wages_by_OKVED_RF_2017-2025.xlsx,https://rosstat.gov.ru/storage/mediabank/tab3-zpl-2025.xlsx,7288a1fb0f10d2c101adfd1f00fb0b3fe346fc44b0258c43c4b94cda69cd33d0,да
S16,S16_Rosstat_wages_by_region_2000-2025.xlsx,https://rosstat.gov.ru/storage/mediabank/tab4-zpl-2025.xlsx,4690c882e3e1e7d79caa209ce61953a2c7e3c9f834727250644605a4b467067d,да
S17,S17_Rosstat_CPI_by_region_1992-2025.xlsx,https://rosstat.gov.ru/storage/mediabank/ipc_s_1992-2025.xlsx,8e9dc6e9a9d330d2f4921f86fc9ca513689deb59a52d072538b6ed912f19fa8d,да
S21,S21_Rosstat_accommodation_by_region_2002-2025.xlsx,https://rosstat.gov.ru/storage/mediabank/SR_god_sub_2025.xlsx,48d349489857fb4fbd4b2c54efd8e7cc5718e2d975b02bbacfb13ab38294bef6,да
