Город,Изменение дохода на номер (%),Группа IBC,Петербург,Источник
"Сочи, Побережье",-27,снижение RevPAR,нет,"IBC Real Estate по данным Hotel Advisors, S13 с. 13"
Пермь,-19,снижение RevPAR,нет,"IBC Real Estate по данным Hotel Advisors, S13 с. 13"
Кемерово,-12,снижение RevPAR,нет,"IBC Real Estate по данным Hotel Advisors, S13 с. 13"
Астрахань,-11,снижение RevPAR,нет,"IBC Real Estate по данным Hotel Advisors, S13 с. 13"
Москва,-9,снижение RevPAR,нет,"IBC Real Estate по данным Hotel Advisors, S13 с. 13"
"Сочи, Горы",-7,снижение RevPAR,нет,"IBC Real Estate по данным Hotel Advisors, S13 с. 13"
Калининград,-6,снижение RevPAR,нет,"IBC Real Estate по данным Hotel Advisors, S13 с. 13"
Нижний Новгород,-6,снижение RevPAR,нет,"IBC Real Estate по данным Hotel Advisors, S13 с. 13"
Самара,-5,стабилизация (±5%),нет,"IBC Real Estate по данным Hotel Advisors, S13 с. 13"
Волгоград,-5,стабилизация (±5%),нет,"IBC Real Estate по данным Hotel Advisors, S13 с. 13"
Воронеж,-5,стабилизация (±5%),нет,"IBC Real Estate по данным Hotel Advisors, S13 с. 13"
Новосибирск,-4,стабилизация (±5%),нет,"IBC Real Estate по данным Hotel Advisors, S13 с. 13"
Иркутск,-3,стабилизация (±5%),нет,"IBC Real Estate по данным Hotel Advisors, S13 с. 13"
Ярославль,-2,стабилизация (±5%),нет,"IBC Real Estate по данным Hotel Advisors, S13 с. 13"
Московская обл.,-1,стабилизация (±5%),нет,"IBC Real Estate по данным Hotel Advisors, S13 с. 13"
Санкт-Петербург,-1,стабилизация (±5%),да,"IBC Real Estate по данным Hotel Advisors, S13 с. 13"
Екатеринбург,1,стабилизация (±5%),нет,"IBC Real Estate по данным Hotel Advisors, S13 с. 13"
Казань,1,стабилизация (±5%),нет,"IBC Real Estate по данным Hotel Advisors, S13 с. 13"
Владивосток,2,стабилизация (±5%),нет,"IBC Real Estate по данным Hotel Advisors, S13 с. 13"
Омск,4,стабилизация (±5%),нет,"IBC Real Estate по данным Hotel Advisors, S13 с. 13"
Великий Новгород,6,замедление роста,нет,"IBC Real Estate по данным Hotel Advisors, S13 с. 13"
Республика Алтай,8,замедление роста,нет,"IBC Real Estate по данным Hotel Advisors, S13 с. 13"
Тюмень,10,замедление роста,нет,"IBC Real Estate по данным Hotel Advisors, S13 с. 13"
Ленинградская обл.,10,замедление роста,нет,"IBC Real Estate по данным Hotel Advisors, S13 с. 13"
Тобольск,13,замедление роста,нет,"IBC Real Estate по данным Hotel Advisors, S13 с. 13"
Киров,21,уверенный рост,нет,"IBC Real Estate по данным Hotel Advisors, S13 с. 13"
