Показатель,Год,Код выпуска,Значение,Выпуск
Цена номера ADR (₽),2023,S3,6854.0,выпуск за 2024 год
Цена номера ADR (₽),2023,S9,5975.0,выпуск за 2023 год
Цена номера ADR (₽),2024,S1,7614.0,выпуск за 2025 год
Цена номера ADR (₽),2024,S3,7489.0,выпуск за 2024 год
Загрузка (%),2023,S3,62.6,выпуск за 2024 год
Загрузка (%),2023,S9,63.7,выпуск за 2023 год
Загрузка (%),2024,S1,65.6,выпуск за 2025 год
Загрузка (%),2024,S3,65.7,выпуск за 2024 год
Доход на номер RevPAR (₽),2023,S3,4291.0,выпуск за 2024 год
Доход на номер RevPAR (₽),2023,S9,3807.0,выпуск за 2023 год
Доход на номер RevPAR (₽),2024,S1,4995.0,выпуск за 2025 год
Доход на номер RevPAR (₽),2024,S3,4920.0,выпуск за 2024 год
Номерной фонд,2023,S3,22940.0,выпуск за 2024 год
Номерной фонд,2023,S9,23275.0,выпуск за 2023 год
Номерной фонд,2024,S1,23795.0,выпуск за 2025 год
Номерной фонд,2024,S3,24038.0,выпуск за 2024 год
