Год,Сценарий,Загрузка (%),Источник,Дата
2016,факт,67,NF Group S1,2016-01-01
2017,факт,66,NF Group S1,2017-01-01
2018,факт,66,NF Group S1,2018-01-01
2019,факт,70,NF Group S1,2019-01-01
2020,факт,39,NF Group S1,2020-01-01
2021,факт,64,NF Group S1,2021-01-01
2022,факт,55,NF Group S1,2022-01-01
2023,факт,62,NF Group S1,2023-01-01
2024,факт,66,NF Group S1,2024-01-01
2025,факт,63.7,NF Group S1,2025-01-01
2025,плохой,63.7,база прогноза,2025-01-01
2026,плохой,59.0,forecast_2027.sql,2026-01-01
2027,плохой,55.8,forecast_2027.sql,2027-01-01
2025,базовый,63.7,база прогноза,2025-01-01
2026,базовый,60.6,forecast_2027.sql,2026-01-01
2027,базовый,59.5,forecast_2027.sql,2027-01-01
2025,хороший,63.7,база прогноза,2025-01-01
2026,хороший,61.5,forecast_2027.sql,2026-01-01
2027,хороший,62.5,forecast_2027.sql,2027-01-01
