Год,Загрузка (%),Цена номера ADR (₽),Доход на номер RevPAR (₽),Номерной фонд средний,Доля апарт-отелей (%),Внутренний турпоток (млн),Иностранный турпоток (млн),Турпоток (млн),Туристов на номер,Номерной фонд (2019 = 100),Турпоток (2019 = 100),Зарплата в гостиницах и общепите (₽),ИПЦ Петербурга дек. к дек. (%),Источник,Цена номера (2019 = 100),Доход на номер (2019 = 100),Инфляция (2019 = 100),Зарплаты (2019 = 100),Дата
2016,67,3163,2114,12349.0,8.2,4.1,2.8,6.9,559.0,85.4,66.3,,,"NF Group S1 (цена, доход на номер, фонд — оценка по графику); турпоток — Комитет по туризму; зарплаты, ИПЦ — Росстат",80.4,76.6,,,2016-01-01
2017,66,3679,2442,12917.0,8.6,3.8,3.8,7.6,588.0,89.3,73.1,,,"NF Group S1 (цена, доход на номер, фонд — оценка по графику); турпоток — Комитет по туризму; зарплаты, ИПЦ — Росстат",93.5,88.4,,,2017-01-01
2018,66,4212,2778,13644.0,8.8,4.3,3.9,8.2,601.0,94.3,78.8,26241.0,103.92,"NF Group S1 (цена, доход на номер, фонд — оценка по графику); турпоток — Комитет по туризму; зарплаты, ИПЦ — Росстат",107.1,100.6,,,2018-01-01
2019,70,3933,2761,14464.0,9.3,5.5,4.9,10.4,719.0,100.0,100.0,28191.4,102.95,"NF Group S1 (цена, доход на номер, фонд — оценка по графику); турпоток — Комитет по туризму; зарплаты, ИПЦ — Росстат",100.0,100.0,100.0,100.0,2019-01-01
2020,39,2917,1147,15840.0,14.7,2.4,0.5,2.9,183.0,109.5,27.9,27411.0,104.72,"NF Group S1 (цена, доход на номер, фонд — оценка по графику); турпоток — Комитет по туризму; зарплаты, ИПЦ — Росстат",74.2,41.5,104.7,97.2,2020-01-01
2021,64,3302,2106,17997.0,22.7,5.8,0.3,6.1,339.0,124.4,58.7,33224.7,108.65,"NF Group S1 (цена, доход на номер, фонд — оценка по графику); турпоток — Комитет по туризму; зарплаты, ИПЦ — Росстат",84.0,76.3,113.8,117.9,2021-01-01
2022,55,5498,3048,19693.0,27.4,7.8,0.3,8.1,411.0,136.2,77.9,37571.7,111.51,"NF Group S1 (цена, доход на номер, фонд — оценка по графику); турпоток — Комитет по туризму; зарплаты, ИПЦ — Росстат",139.8,110.4,126.9,133.3,2022-01-01
2023,62,6801,4244,21634.0,32.6,8.8,0.6,9.4,435.0,149.6,90.4,44132.5,106.76,"NF Group S1 (цена, доход на номер, фонд — оценка по графику); турпоток — Комитет по туризму; зарплаты, ИПЦ — Росстат",172.9,153.7,135.5,156.5,2023-01-01
2024,66,7588,4974,23204.0,36.0,10.8,0.8,11.6,500.0,160.4,111.5,53568.1,109.46,"NF Group S1 (цена, доход на номер, фонд — оценка по графику); турпоток — Комитет по туризму; зарплаты, ИПЦ — Росстат",192.9,180.2,148.3,190.0,2024-01-01
2025,64,8464,5383,24314.0,36.6,11.6,0.8,12.4,510.0,168.1,119.2,66133.6,104.75,"NF Group S1 (цена, доход на номер, фонд — оценка по графику); турпоток — Комитет по туризму; зарплаты, ИПЦ — Росстат",215.2,195.0,155.3,234.6,2025-01-01
