Год,Номер месяца,Загрузка (%),Цена номера ADR (₽),Доход на номер RevPAR (₽),Изменение загрузки (п. п.),Изменение цены (%),Изменение дохода на номер (%),Упущенная выручка на 150 номеров (млн ₽),Дата,Месяц,Сезон,Источник
2024,1,49,5995,2938.0,,,,,2024-01-01,январь,ноябрь–март,"NF Group S1 с. 7: загрузка — подписи графика, цена — оценка по графику"
2024,2,52,5160,2683.0,,,,,2024-02-01,февраль,ноябрь–март,"NF Group S1 с. 7: загрузка — подписи графика, цена — оценка по графику"
2024,3,56,5133,2874.0,,,,,2024-03-01,март,ноябрь–март,"NF Group S1 с. 7: загрузка — подписи графика, цена — оценка по графику"
2024,4,65,5884,3825.0,,,,,2024-04-01,апрель,"апрель–май, сентябрь–октябрь","NF Group S1 с. 7: загрузка — подписи графика, цена — оценка по графику"
2024,5,70,7706,5394.0,,,,,2024-05-01,май,"апрель–май, сентябрь–октябрь","NF Group S1 с. 7: загрузка — подписи графика, цена — оценка по графику"
2024,6,79,13589,10735.0,,,,,2024-06-01,июнь,июнь–август,"NF Group S1 с. 7: загрузка — подписи графика, цена — оценка по графику"
2024,7,82,9097,7460.0,,,,,2024-07-01,июль,июнь–август,"NF Group S1 с. 7: загрузка — подписи графика, цена — оценка по графику"
2024,8,81,8443,6839.0,,,,,2024-08-01,август,июнь–август,"NF Group S1 с. 7: загрузка — подписи графика, цена — оценка по графику"
2024,9,73,7400,5402.0,,,,,2024-09-01,сентябрь,"апрель–май, сентябрь–октябрь","NF Group S1 с. 7: загрузка — подписи графика, цена — оценка по графику"
2024,10,69,6287,4338.0,,,,,2024-10-01,октябрь,"апрель–май, сентябрь–октябрь","NF Group S1 с. 7: загрузка — подписи графика, цена — оценка по графику"
2024,11,62,5814,3605.0,,,,,2024-11-01,ноябрь,ноябрь–март,"NF Group S1 с. 7: загрузка — подписи графика, цена — оценка по графику"
2024,12,54,6579,3553.0,,,,,2024-12-01,декабрь,ноябрь–март,"NF Group S1 с. 7: загрузка — подписи графика, цена — оценка по графику"
2025,1,49,7094,3476.0,0,18.3,18.3,0.0,2025-01-01,январь,ноябрь–март,"NF Group S1 с. 7: загрузка — подписи графика, цена — оценка по графику"
2025,2,51,5981,3050.0,-1,15.9,13.7,0.25,2025-02-01,февраль,ноябрь–март,"NF Group S1 с. 7: загрузка — подписи графика, цена — оценка по графику"
2025,3,56,5759,3225.0,0,12.2,12.2,0.0,2025-03-01,март,ноябрь–март,"NF Group S1 с. 7: загрузка — подписи графика, цена — оценка по графику"
2025,4,65,6551,4258.0,0,11.3,11.3,0.0,2025-04-01,апрель,"апрель–май, сентябрь–октябрь","NF Group S1 с. 7: загрузка — подписи графика, цена — оценка по графику"
2025,5,66,8958,5912.0,-4,16.2,9.6,1.67,2025-05-01,май,"апрель–май, сентябрь–октябрь","NF Group S1 с. 7: загрузка — подписи графика, цена — оценка по графику"
2025,6,76,16037,12188.0,-3,18.0,13.5,2.16,2025-06-01,июнь,июнь–август,"NF Group S1 с. 7: загрузка — подписи графика, цена — оценка по графику"
2025,7,79,9876,7802.0,-3,8.6,4.6,1.38,2025-07-01,июль,июнь–август,"NF Group S1 с. 7: загрузка — подписи графика, цена — оценка по графику"
2025,8,75,9041,6781.0,-6,7.1,-0.8,2.52,2025-08-01,август,июнь–август,"NF Group S1 с. 7: загрузка — подписи графика, цена — оценка по графику"
2025,9,66,7664,5058.0,-7,3.6,-6.4,2.41,2025-09-01,сентябрь,"апрель–май, сентябрь–октябрь","NF Group S1 с. 7: загрузка — подписи графика, цена — оценка по графику"
2025,10,67,7163,4799.0,-2,13.9,10.6,0.67,2025-10-01,октябрь,"апрель–май, сентябрь–октябрь","NF Group S1 с. 7: загрузка — подписи графика, цена — оценка по графику"
2025,11,58,6482,3760.0,-4,11.5,4.3,1.17,2025-11-01,ноябрь,ноябрь–март,"NF Group S1 с. 7: загрузка — подписи графика, цена — оценка по графику"
2025,12,53,6996,3708.0,-1,6.3,4.4,0.33,2025-12-01,декабрь,ноябрь–март,"NF Group S1 с. 7: загрузка — подписи графика, цена — оценка по графику"
