Место,Регион,Федеральный округ,Гостей (млн),Изменение числа гостей (%),Период,Источник
0,Россия,,34.2,6,январь–май 2026,"Росстат в отчёте IBC, S13 с. 8 и 32"
1,Москва,ЦФО,5.2,7,январь–май 2026,"Росстат в отчёте IBC, S13 с. 8 и 32"
2,Краснодарский край,ЮФО,3.2,-4,январь–май 2026,"Росстат в отчёте IBC, S13 с. 8 и 32"
3,Московская область,ЦФО,2.7,22,январь–май 2026,"Росстат в отчёте IBC, S13 с. 8 и 32"
4,Санкт-Петербург,СЗФО,2.6,0,январь–май 2026,"Росстат в отчёте IBC, S13 с. 8 и 32"
5,Республика Татарстан,ПФО,1.2,16,январь–май 2026,"Росстат в отчёте IBC, S13 с. 8 и 32"
6,Республика Крым,ЮФО,0.9,-1,январь–май 2026,"Росстат в отчёте IBC, S13 с. 8 и 32"
7,Свердловская область,УФО,0.9,20,январь–май 2026,"Росстат в отчёте IBC, S13 с. 8 и 32"
8,Тюменская область,УФО,0.8,5,январь–май 2026,"Росстат в отчёте IBC, S13 с. 8 и 32"
9,Ростовская область,ЮФО,0.7,32,январь–май 2026,"Росстат в отчёте IBC, S13 с. 8 и 32"
10,Ставропольский край,СКФО,0.6,-5,январь–май 2026,"Росстат в отчёте IBC, S13 с. 8 и 32"
11,Нижегородская область,ПФО,0.6,0,январь–май 2026,"Росстат в отчёте IBC, S13 с. 8 и 32"
12,Новосибирская область,СФО,0.6,-5,январь–май 2026,"Росстат в отчёте IBC, S13 с. 8 и 32"
13,Ленинградская область,СЗФО,0.5,-2,январь–май 2026,"Росстат в отчёте IBC, S13 с. 8 и 32"
14,Челябинская область,УФО,0.5,17,январь–май 2026,"Росстат в отчёте IBC, S13 с. 8 и 32"
15,Самарская область,ПФО,0.5,15,январь–май 2026,"Росстат в отчёте IBC, S13 с. 8 и 32"
16,Иркутская область,СФО,0.5,8,январь–май 2026,"Росстат в отчёте IBC, S13 с. 8 и 32"
17,Красноярский край,СФО,0.5,2,январь–май 2026,"Росстат в отчёте IBC, S13 с. 8 и 32"
18,Республика Башкортостан,ПФО,0.5,5,январь–май 2026,"Росстат в отчёте IBC, S13 с. 8 и 32"
19,Приморский край,ДФО,0.4,11,январь–май 2026,"Росстат в отчёте IBC, S13 с. 8 и 32"
20,Тюменская область*,УФО,0.4,8,январь–май 2026,"Росстат в отчёте IBC, S13 с. 8 и 32"
