Город,Сегмент,Период,Загрузка (%),Цена номера ADR (тыс. ₽),Доход на номер RevPAR (тыс. ₽),Изменение загрузки (п. п.),Изменение цены (%),Изменение дохода на номер (%),Порядок сегмента,Источник
Москва,Люксовый,I пол. 2024,56.0,33.9,18.98,,,,6,"IBC Real Estate по данным Hotel Advisors, S13 (январь–июнь)"
Москва,Верхний предел высокого,I пол. 2024,72.0,16.0,11.52,,,,5,"IBC Real Estate по данным Hotel Advisors, S13 (январь–июнь)"
Москва,Высокий,I пол. 2024,71.0,12.8,9.09,,,,4,"IBC Real Estate по данным Hotel Advisors, S13 (январь–июнь)"
Москва,Верхний предел среднеценового,I пол. 2024,77.0,9.8,7.55,,,,3,"IBC Real Estate по данным Hotel Advisors, S13 (январь–июнь)"
Москва,Среднеценовой,I пол. 2024,75.0,6.7,5.03,,,,2,"IBC Real Estate по данным Hotel Advisors, S13 (январь–июнь)"
Москва,Экономичный,I пол. 2024,73.0,4.6,3.36,,,,1,"IBC Real Estate по данным Hotel Advisors, S13 (январь–июнь)"
Москва,Рынок в целом,I пол. 2024,73.0,10.1,7.37,,,,7,"IBC Real Estate по данным Hotel Advisors, S13 (январь–июнь)"
Москва,Экономичный,I пол. 2025,66.0,4.7,3.1,-7.0,2.2,-7.6,1,"IBC Real Estate по данным Hotel Advisors, S13 (январь–июнь)"
Москва,Рынок в целом,I пол. 2025,71.0,11.1,7.88,-2.0,9.9,6.9,7,"IBC Real Estate по данным Hotel Advisors, S13 (январь–июнь)"
Москва,Люксовый,I пол. 2025,50.0,42.3,21.15,-6.0,24.8,11.4,6,"IBC Real Estate по данным Hotel Advisors, S13 (январь–июнь)"
Москва,Верхний предел высокого,I пол. 2025,68.0,18.4,12.51,-4.0,15.0,8.6,5,"IBC Real Estate по данным Hotel Advisors, S13 (январь–июнь)"
Москва,Верхний предел среднеценового,I пол. 2025,77.0,10.6,8.16,0.0,8.2,8.2,3,"IBC Real Estate по данным Hotel Advisors, S13 (январь–июнь)"
Москва,Среднеценовой,I пол. 2025,76.0,7.2,5.47,1.0,7.5,8.9,2,"IBC Real Estate по данным Hotel Advisors, S13 (январь–июнь)"
Москва,Высокий,I пол. 2025,68.0,14.5,9.86,-3.0,13.3,8.5,4,"IBC Real Estate по данным Hotel Advisors, S13 (январь–июнь)"
Москва,Высокий,I пол. 2026,65.0,13.1,8.52,-3.0,-9.7,-13.6,4,"IBC Real Estate по данным Hotel Advisors, S13 (январь–июнь)"
Москва,Экономичный,I пол. 2026,62.0,4.9,3.04,-4.0,4.3,-2.1,1,"IBC Real Estate по данным Hotel Advisors, S13 (январь–июнь)"
Москва,Среднеценовой,I пол. 2026,76.0,7.0,5.32,0.0,-2.8,-2.8,2,"IBC Real Estate по данным Hotel Advisors, S13 (январь–июнь)"
Москва,Верхний предел среднеценового,I пол. 2026,76.0,9.8,7.45,-1.0,-7.5,-8.7,3,"IBC Real Estate по данным Hotel Advisors, S13 (январь–июнь)"
Москва,Верхний предел высокого,I пол. 2026,67.0,17.0,11.39,-1.0,-7.6,-9.0,5,"IBC Real Estate по данным Hotel Advisors, S13 (январь–июнь)"
Москва,Люксовый,I пол. 2026,42.0,42.3,17.77,-8.0,0.0,-16.0,6,"IBC Real Estate по данным Hotel Advisors, S13 (январь–июнь)"
Москва,Рынок в целом,I пол. 2026,69.0,10.4,7.18,-2.0,-6.3,-8.9,7,"IBC Real Estate по данным Hotel Advisors, S13 (январь–июнь)"
Санкт-Петербург,Среднеценовой,I пол. 2024,60.0,4.4,2.64,,,,2,"IBC Real Estate по данным Hotel Advisors, S13 (январь–июнь)"
Санкт-Петербург,Рынок в целом,I пол. 2024,60.0,8.1,4.86,,,,7,"IBC Real Estate по данным Hotel Advisors, S13 (январь–июнь)"
Санкт-Петербург,Люксовый,I пол. 2024,48.0,38.1,18.29,,,,6,"IBC Real Estate по данным Hotel Advisors, S13 (январь–июнь)"
Санкт-Петербург,Верхний предел высокого,I пол. 2024,51.0,14.2,7.24,,,,5,"IBC Real Estate по данным Hotel Advisors, S13 (январь–июнь)"
Санкт-Петербург,Высокий,I пол. 2024,62.0,8.5,5.27,,,,4,"IBC Real Estate по данным Hotel Advisors, S13 (январь–июнь)"
Санкт-Петербург,Верхний предел среднеценового,I пол. 2024,67.0,6.2,4.15,,,,3,"IBC Real Estate по данным Hotel Advisors, S13 (январь–июнь)"
Санкт-Петербург,Экономичный,I пол. 2024,61.0,3.3,2.01,,,,1,"IBC Real Estate по данным Hotel Advisors, S13 (январь–июнь)"
Санкт-Петербург,Экономичный,I пол. 2025,61.0,3.5,2.13,0.0,6.1,6.1,1,"IBC Real Estate по данным Hotel Advisors, S13 (январь–июнь)"
Санкт-Петербург,Верхний предел высокого,I пол. 2025,56.0,16.8,9.41,5.0,18.3,29.9,5,"IBC Real Estate по данным Hotel Advisors, S13 (январь–июнь)"
Санкт-Петербург,Люксовый,I пол. 2025,46.0,45.3,20.84,-2.0,18.9,13.9,6,"IBC Real Estate по данным Hotel Advisors, S13 (январь–июнь)"
Санкт-Петербург,Среднеценовой,I пол. 2025,63.0,5.0,3.15,3.0,13.6,19.3,2,"IBC Real Estate по данным Hotel Advisors, S13 (январь–июнь)"
Санкт-Петербург,Рынок в целом,I пол. 2025,62.0,9.5,5.89,2.0,17.3,21.2,7,"IBC Real Estate по данным Hotel Advisors, S13 (январь–июнь)"
Санкт-Петербург,Высокий,I пол. 2025,66.0,9.6,6.34,4.0,12.9,20.2,4,"IBC Real Estate по данным Hotel Advisors, S13 (январь–июнь)"
Санкт-Петербург,Верхний предел среднеценового,I пол. 2025,64.0,7.3,4.67,-3.0,17.7,12.5,3,"IBC Real Estate по данным Hotel Advisors, S13 (январь–июнь)"
Санкт-Петербург,Рынок в целом,I пол. 2026,59.0,10.3,6.08,-3.0,8.4,3.2,7,"IBC Real Estate по данным Hotel Advisors, S13 (январь–июнь)"
Санкт-Петербург,Верхний предел высокого,I пол. 2026,54.0,17.3,9.34,-2.0,3.0,-0.7,5,"IBC Real Estate по данным Hotel Advisors, S13 (январь–июнь)"
Санкт-Петербург,Высокий,I пол. 2026,64.0,10.0,6.4,-2.0,4.2,1.0,4,"IBC Real Estate по данным Hotel Advisors, S13 (январь–июнь)"
Санкт-Петербург,Верхний предел среднеценового,I пол. 2026,63.0,7.4,4.66,-1.0,1.4,-0.2,3,"IBC Real Estate по данным Hotel Advisors, S13 (январь–июнь)"
Санкт-Петербург,Среднеценовой,I пол. 2026,60.0,5.4,3.24,-3.0,8.0,2.9,2,"IBC Real Estate по данным Hotel Advisors, S13 (январь–июнь)"
Санкт-Петербург,Экономичный,I пол. 2026,52.0,4.1,2.13,-9.0,17.1,-0.1,1,"IBC Real Estate по данным Hotel Advisors, S13 (январь–июнь)"
Санкт-Петербург,Люксовый,I пол. 2026,48.0,48.8,23.42,2.0,7.7,12.4,6,"IBC Real Estate по данным Hotel Advisors, S13 (январь–июнь)"
